file	url	observed_utc	http_status	final_url	content_type	last_modified	etag	bytes	sha256	access
QTD000176.all.tsv.gz.tbi	https://ftp.ebi.ac.uk/pub/databases/spot/eQTL/sumstats/QTS000015/QTD000176/QTD000176.all.tsv.gz.tbi	2026-10-05T13:46:44.175666+00:00	200	https://ftp.ebi.ac.uk/pub/databases/spot/eQTL/sumstats/QTS000015/QTD000176/QTD000176.all.tsv.gz.tbi	application/x-gzip	Thu, 06 Apr 2023 13:59:14 GMT	"""22195d-5f8ab504fedc0"""	2234717	ede98799f356bd260b724ff660e47fc3808b1e9cf2c2955b5accf4be84c718ff	anonymous GET succeeded
catalog-harmonization-readme.txt	https://ftp.ebi.ac.uk/pub/databases/gwas/summary_statistics/GCST006001-GCST007000/GCST006572/harmonised/readme.txt	2026-10-05T13:59:07.256142+00:00	200	https://ftp.ebi.ac.uk/pub/databases/gwas/summary_statistics/GCST006001-GCST007000/GCST006572/harmonised/readme.txt	text/plain; charset=UTF-8	Tue, 28 Jan 2020 07:44:32 GMT	"""1eee-59d2e65050cef"""	7918	e28563edd8785ca9bf942159623107826ff9b2466a8c6f84896bfdce22a1c468	anonymous GET succeeded
catalog-harmonization.yaml	https://ftp.ebi.ac.uk/pub/databases/gwas/summary_statistics/GCST006001-GCST007000/GCST006572/harmonised/30038396-GCST006572-EFO_0008354.h.tsv.gz-meta.yaml	2026-10-05T13:59:07.255752+00:00	200	https://ftp.ebi.ac.uk/pub/databases/gwas/summary_statistics/GCST006001-GCST007000/GCST006572/harmonised/30038396-GCST006572-EFO_0008354.h.tsv.gz-meta.yaml	text/tab-separated-values	Tue, 04 Feb 2025 12:17:38 GMT	"""314-62d4ffeaf8bff"""	788	b71b9ae43e864866ef2f9cbce48940ec016e5492c637dd56ec7261404354a33a	anonymous GET succeeded
catalog-harmonized-index.html	https://ftp.ebi.ac.uk/pub/databases/gwas/summary_statistics/GCST006001-GCST007000/GCST006572/harmonised/	2026-10-05T14:00:52.321279+00:00	200	https://ftp.ebi.ac.uk/pub/databases/gwas/summary_statistics/GCST006001-GCST007000/GCST006572/harmonised/	text/html;charset=UTF-8	NA	NA	1909	c3f2c04920d9379f0532bdf38ee2d0f99724b70d5ec04d9de3ff27b22a44175e	anonymous GET succeeded
catalog-original-index.html	https://ftp.ebi.ac.uk/pub/databases/gwas/summary_statistics/GCST006001-GCST007000/GCST006572/	2026-10-05T14:00:52.320469+00:00	200	https://ftp.ebi.ac.uk/pub/databases/gwas/summary_statistics/GCST006001-GCST007000/GCST006572/	text/html;charset=UTF-8	NA	NA	1266	16829f21df6f5ce9f493e00e23fc48bba14a05071b07ccab4608581569d7cbf7	anonymous GET succeeded
catalog-study.json	https://www.ebi.ac.uk/gwas/rest/api/v2/studies/GCST006572	2026-10-05T13:32:38.605142+00:00	200	https://www.ebi.ac.uk/gwas/rest/api/v2/studies/GCST006572	application/json	NA	NA	1052	4d1d7566e485ac18ad6993c67ccebac101955b919c64eb1c53433e3cdad89d40	anonymous GET succeeded
ebi-terms.html	https://www.ebi.ac.uk/about/terms-of-use/	2026-10-05T13:59:07.256221+00:00	200	https://www.ebi.ac.uk/about/terms-of-use/	text/html; charset=UTF-8	Mon, 05 Oct 2026 11:23:38 GMT	"""75c8-65d161d082280"""	30152	f3c148e6b91501af2a516e24edf0be61c21e2ce1b4e9f40bd834c606f1f23ae9	anonymous GET succeeded
eqtl-columns.md	https://raw.githubusercontent.com/eQTL-Catalogue/eQTL-Catalogue-resources/master/tabix/Columns.md	2026-10-05T13:46:44.070928+00:00	200	https://raw.githubusercontent.com/eQTL-Catalogue/eQTL-Catalogue-resources/master/tabix/Columns.md	text/plain; charset=utf-8	NA	"""10c4e18e2829c1d8cd55c920e74e6283c03f48575ba0aa73977d02f0a0b83709"""	5862	4bff8a760616c57238ad00eb5ace76817cc367ab7c26449efdf96cbb067de994	anonymous GET succeeded
eqtl-data-access.html	https://www.ebi.ac.uk/eqtl/Data_access/	2026-10-05T13:48:55.715909+00:00	200	https://www.ebi.ac.uk/eqtl/Data_access/	text/html	Thu, 24 Sep 2026 13:09:51 GMT	"""6ab5211f-4334"""	17204	99e2f629ff8609f643db05316a396c8f5666c295e878aec46c0687dd0142bad1	anonymous GET succeeded
eqtl-doc.html	https://www.ebi.ac.uk/eqtl/Studies/	2026-10-05T13:32:38.703227+00:00	200	https://www.ebi.ac.uk/eqtl/Studies/	text/html	Thu, 24 Sep 2026 13:09:51 GMT	"""6ab5211f-be69"""	48745	378a13d09beb7409ab010b18caa932c7efe6c4a2153bd446e5ef62f06abf7428	anonymous GET succeeded
eqtl-license-current.html	https://www.ebi.ac.uk/eqtl/License/	2026-10-05T13:50:02.745300+00:00	200	https://www.ebi.ac.uk/eqtl/License/	text/html	Thu, 24 Sep 2026 13:09:51 GMT	"""6ab5211f-327d"""	12925	b9b26fca1f3e177a2f1e66f9f28e09ff1742232f267f5c63cc4d39198dba16a8	anonymous GET succeeded
eqtl-license-page.html	https://www.ebi.ac.uk/eqtl/Licence/	2026-10-05T13:48:55.716273+00:00	404	https://www.ebi.ac.uk/eqtl/Licence/	text/html	NA	NA	146	55f7d9e99b8e2d4e0e193b2f0275501e6d9c1ebd29cadbea6a0da48a8587e3e0	unavailable; HTTP error response retained
eqtl-license.html	https://www.ebi.ac.uk/eqtl/Data_access/	2026-10-05T13:46:44.168825+00:00	200	https://www.ebi.ac.uk/eqtl/Data_access/	text/html	Thu, 24 Sep 2026 13:09:51 GMT	"""6ab5211f-4334"""	17204	99e2f629ff8609f643db05316a396c8f5666c295e878aec46c0687dd0142bad1	anonymous GET succeeded
eqtl-metadata.tsv	https://raw.githubusercontent.com/eQTL-Catalogue/eQTL-Catalogue-resources/master/data_tables/dataset_metadata_r7.tsv	2026-10-05T13:46:43.895798+00:00	200	https://raw.githubusercontent.com/eQTL-Catalogue/eQTL-Catalogue-resources/master/data_tables/dataset_metadata_r7.tsv	text/plain; charset=utf-8	NA	"""f624d1e9415995c92c4f535148e78e9c4d77b2a9a929f2219c264bd9a714687d"""	75969	70b0b6eac8a607568d11b3f2d8ad6cf6e9bb430ffafa4883627797d8967785ea	anonymous GET succeeded
eqtl-paths.tsv	https://raw.githubusercontent.com/eQTL-Catalogue/eQTL-Catalogue-resources/master/tabix/tabix_ftp_paths.tsv	2026-10-05T13:46:43.895957+00:00	200	https://raw.githubusercontent.com/eQTL-Catalogue/eQTL-Catalogue-resources/master/tabix/tabix_ftp_paths.tsv	text/plain; charset=utf-8	NA	"""4048b55b4dc5bb35ceef285173ff2997754274314371f374c61cf573b791b46d"""	287387	20912adbeb700bb0224e73f1acba79921cb7afd4323955b00e4e9a73da49b7f4	anonymous GET succeeded
eqtl-readme.md	https://raw.githubusercontent.com/eQTL-Catalogue/eQTL-Catalogue-resources/master/tabix/README.md	2026-10-05T13:46:44.120427+00:00	200	https://raw.githubusercontent.com/eQTL-Catalogue/eQTL-Catalogue-resources/master/tabix/README.md	text/plain; charset=utf-8	NA	"""d79f031a7021089f048b500ee0e2e85a8304dbc48faca875452b66238caff8d0"""	354	fc5c1d18f7727057501ba263ad45025453592a3450c23814de8dd7921ec7a1ad	anonymous GET succeeded
eqtl-resources.json	https://api.github.com/repos/eQTL-Catalogue/eQTL-Catalogue-resources/contents/data_tables	2026-10-05T13:32:38.612899+00:00	200	https://api.github.com/repos/eQTL-Catalogue/eQTL-Catalogue-resources/contents/data_tables	application/json; charset=utf-8	Thu, 01 Oct 2026 17:14:17 GMT	"""0ff9069299c0207b592a861cfd0716edfd099103"""	11463	6d2e878d91434394ce4e940504ec4b18d449ff576f6cdda7df4d9ff731c3429b	anonymous GET succeeded
eqtl-tabix.json	https://api.github.com/repos/eQTL-Catalogue/eQTL-Catalogue-resources/contents/tabix	2026-10-05T13:32:38.617900+00:00	200	https://api.github.com/repos/eQTL-Catalogue/eQTL-Catalogue-resources/contents/tabix	application/json; charset=utf-8	Thu, 01 Oct 2026 17:14:17 GMT	"""0ff9069299c0207b592a861cfd0716edfd099103"""	3928	e6da5fbfb6efd93a22428a9c2d0d881b64dae208f9571c24ccae071b941895ea	anonymous GET succeeded
eur.zip	https://vu.data.surf.nl/index.php/s/VZNByNwpD8qqINe/download	2026-10-05T13:32:37.717857+00:00	200	https://vu.data.surf.nl/public.php/dav/files/VZNByNwpD8qqINe	application/zip	Wed, 07 Feb 2024 12:24:15 GMT	"""65c37904644ba"""	511626945	83a48fd9dcaa0b9a874b18c63143a4ede93f05505b215b0bd8790130a0d7a954	anonymous GET succeeded
hg19ToHg38.over.chain.gz	https://hgdownload.soe.ucsc.edu/goldenPath/hg19/liftOver/hg19ToHg38.over.chain.gz	2026-10-05T13:32:38.704854+00:00	200	https://hgdownload.soe.ucsc.edu/goldenPath/hg19/liftOver/hg19ToHg38.over.chain.gz	application/x-gzip	Wed, 01 Jan 2014 07:08:46 GMT	"""37972-4eee3590f3b80"""	227698	5c0598e500ceb5a78c73086929e8ef993aec309bcafb595139b53d440b125a1d	anonymous GET succeeded
hpa-download.html	https://www.proteinatlas.org/about/download	2026-10-05T13:32:37.718246+00:00	200	https://www.proteinatlas.org/about/download	text/html; charset=UTF-8	NA	NA	140917	f7d00ba4154b371457bbd3adb706a107cd778c76378fc6b05342c06597b10ff6	anonymous GET succeeded
hpa-expression-oldpath.zip	https://www.proteinatlas.org/download/rna_tissue_consensus.tsv.zip	2026-10-05T13:46:43.894205+00:00	404	https://www.proteinatlas.org/download/rna_tissue_consensus.tsv.zip	text/html; charset=UTF-8	NA	NA	117148	e20d3bbfac784f66a439284f777257863209eda04be78b9d2d7bfc2add7f15e0	unavailable; HTTP error response retained
hpa-expression-v25.zip	https://www.proteinatlas.org/download/tsv/rna_tissue_consensus.tsv.zip	2026-10-05T13:47:40.825733+00:00	200	https://www.proteinatlas.org/download/tsv/rna_tissue_consensus.tsv.zip	application/zip	Thu, 06 Nov 2025 03:00:57 GMT	"""50c670-642e44623ec40"""	5293680	b001903da23f802c8dfbd1b6b3a8c20b831fedd4932f4bb721b06622d83ae60b	anonymous GET succeeded
hpa-expression.zip	https://www.proteinatlas.org/download/rna_tissue_consensus.tsv.zip	2026-10-05T13:32:37.717381+00:00	404	https://www.proteinatlas.org/download/rna_tissue_consensus.tsv.zip	text/html; charset=UTF-8	NA	NA	117148	e20d3bbfac784f66a439284f777257863209eda04be78b9d2d7bfc2add7f15e0	unavailable; HTTP error response retained
hpa-license.html	https://www.proteinatlas.org/about/licence	2026-10-05T13:32:37.718077+00:00	200	https://www.proteinatlas.org/about/licence	text/html; charset=UTF-8	NA	NA	127946	4c9b589b90bd63fd0b1fe63ea528e7df80287ede333ab8762960742c13301678	anonymous GET succeeded
neuron-sgrna.txt.gz	https://ftp.ncbi.nlm.nih.gov/geo/samples/GSM3543nnn/GSM3543624/suppl/GSM3543624_neuron_1_sgRNA_mapping.txt.gz	2026-10-05T13:46:45.716381+00:00	200	https://ftp.ncbi.nlm.nih.gov/geo/samples/GSM3543nnn/GSM3543624/suppl/GSM3543624_neuron_1_sgRNA_mapping.txt.gz	application/x-gzip	Sun, 06 Jan 2019 13:28:20 GMT	NA	12230386	bc2bb1718e9a6e884631c97a0750bf4c245dfbe8a2b198cd246511cf41cefd60	anonymous GET succeeded
tian2019-filelist.txt	https://ftp.ncbi.nlm.nih.gov/geo/series/GSE124nnn/GSE124703/suppl/filelist.txt	2026-10-05T13:46:45.279889+00:00	200	https://ftp.ncbi.nlm.nih.gov/geo/series/GSE124nnn/GSE124703/suppl/filelist.txt	text/plain; charset=utf-8	Mon, 07 Jan 2019 17:02:43 GMT	NA	1693	0f6ac3ab152f1eb41ad8fc2bf9cd50e87e4cb7df7c2b6a611e1df7ba25a3cd1d	anonymous GET succeeded
tian2019-oa.xml	https://www.ncbi.nlm.nih.gov/pmc/utils/oa/oa.fcgi?id=PMC6813890	2026-10-05T13:50:32.541560+00:00	404	https://www.ncbi.nlm.nih.gov/pmc/utils/oa/oa.fcgi?id=PMC6813890	text/html; charset=ISO-8859-1	NA	NA	1584	a57c22e037ee5d8f3d4a5c847cadb518cf6b7e4bc23e1813d3a565f660ad99d2	unavailable; HTTP error response retained
tian2019-paper.xml	https://www.ebi.ac.uk/europepmc/webservices/rest/PMC6813890/fullTextXML	2026-10-05T13:48:55.716350+00:00	500	https://www.ebi.ac.uk/europepmc/webservices/rest/PMC6813890/fullTextXML	application/json	NA	NA	150	89715d8de449f4895c1949fd493291250570f9e2b8cc58b86f793b3d7284c00b	unavailable; HTTP error response retained
tian2019-pmc.html	https://pmc.ncbi.nlm.nih.gov/articles/PMC6813890/	2026-10-05T13:50:32.541225+00:00	200	https://pmc.ncbi.nlm.nih.gov/articles/PMC6813890/	text/html; charset=utf-8	NA	NA	361489	5e6bb824a1253c35e78e5c289ea43752d8d81e013d80708bf099523c67079e1d	anonymous GET succeeded
tian2019-primary.xlsx	https://pmc.ncbi.nlm.nih.gov/articles/instance/6813890/bin/NIHMS1535621-supplement-7.xlsx	2026-10-05T13:51:31.821695+00:00	200	https://pmc.ncbi.nlm.nih.gov/articles/instance/6813890/bin/NIHMS1535621-supplement-7.xlsx	text/html; charset=utf-8	NA	NA	21422	d59117001004f04799c3bb00ce9afc020fdc1158897795329850f4fbf066a8ff	anonymous GET succeeded
tian2019-validation.xlsx	https://pmc.ncbi.nlm.nih.gov/articles/instance/6813890/bin/NIHMS1535621-supplement-8.xlsx	2026-10-05T13:51:31.822026+00:00	200	https://pmc.ncbi.nlm.nih.gov/articles/instance/6813890/bin/NIHMS1535621-supplement-8.xlsx	text/html; charset=utf-8	NA	NA	21422	8a0fccffe5f92a822beb611e0a0c17c18242f6e18820c2d17e508377a6a366b2	anonymous GET succeeded
tian2019.soft.gz	https://ftp.ncbi.nlm.nih.gov/geo/series/GSE124nnn/GSE124703/soft/GSE124703_family.soft.gz	2026-10-05T13:46:45.685468+00:00	200	https://ftp.ncbi.nlm.nih.gov/geo/series/GSE124nnn/GSE124703/soft/GSE124703_family.soft.gz	application/x-gzip	Fri, 11 Sep 2026 05:10:24 GMT	NA	3733	0dc2624449a3c3b8a906a99c411837e22c3cbed11ce773cfe189aaf527bd6d16	anonymous GET succeeded
vep-rs13107325.json	https://grch37.rest.ensembl.org/vep/human/id/rs13107325?content-type=application/json	2026-10-05T13:46:44.722637+00:00	200	https://grch37.rest.ensembl.org/vep/human/id/rs13107325?content-type=application/json	application/json	NA	NA	6282	8cb1bb4f88c36f021e49e6a2f5cba123b300a3c8a2a452d07b74b7ae06a5c438	anonymous GET succeeded
vep-rs1906252.json	https://grch37.rest.ensembl.org/vep/human/id/rs1906252?content-type=application/json	2026-10-05T13:46:44.655981+00:00	200	https://grch37.rest.ensembl.org/vep/human/id/rs1906252?content-type=application/json	application/json	NA	NA	3607	7b169f7059e76bf8c8b89e631a1cb33c368d43fc29fbd42bcbed4ffa4c805bfd	anonymous GET succeeded
vep-rs2352974.json	https://grch37.rest.ensembl.org/vep/human/id/rs2352974?content-type=application/json	2026-10-05T13:46:44.221317+00:00	200	https://grch37.rest.ensembl.org/vep/human/id/rs2352974?content-type=application/json	application/json	NA	NA	11651	64818e759e2be435e434ccb5dac47ea93463c668d398a339e8856daebbf7c448	anonymous GET succeeded
