log_length_quintile	density_quintile	brain_expression_coverage	group	genes	knownness_scored	knownness_mean	knownness_median	hgnc_unique	pharos_scored	adult_brain_max_ntpm_median	comparison_available	gene_length_median
1	1	False	associated	2	0	NA	NA	0	0	NA	True	3547.5
1	1	False	other_covered_genes	151	6	0.6666666666666666	0.0	36	0	NA	True	2086.0
1	1	True	associated	29	28	5.817857142857143	4.25	29	29	14.4	True	4270.0
1	1	True	other_covered_genes	1010	975	6.519179487179488	3.7	1008	999	7.65	True	3463.0
1	2	False	associated	0	0	NA	NA	0	0	NA	False	NA
1	2	False	other_covered_genes	75	0	NA	NA	14	0	NA	False	1993.0
1	2	True	associated	8	8	3.9	3.8499999999999996	8	8	87.7	True	4100.0
1	2	True	other_covered_genes	533	507	6.142800788954634	3.8	530	526	5.8	True	3870.0
1	3	False	associated	0	0	NA	NA	0	0	NA	False	NA
1	3	False	other_covered_genes	75	0	NA	NA	19	0	NA	False	1933.0
1	3	True	associated	5	4	3.175	3.45	5	5	5.1	True	3922.0
1	3	True	other_covered_genes	406	382	5.178010471204188	3.2	403	401	3.75	True	3884.0
1	4	False	associated	0	0	NA	NA	0	0	NA	False	NA
1	4	False	other_covered_genes	85	3	0.5	0.5	23	0	NA	False	2382.0
1	4	True	associated	10	8	7.1375	2.6500000000000004	10	9	7.75	True	3033.0
1	4	True	other_covered_genes	393	378	5.2060846560846565	2.9	392	390	2.7	True	3503.0
1	5	False	associated	8	0	NA	NA	1	0	NA	True	468.0
1	5	False	other_covered_genes	241	7	1.9	1.7	53	0	NA	True	1570.0
1	5	True	associated	10	8	7.0875	8.350000000000001	10	10	0.85	True	2789.5
1	5	True	other_covered_genes	742	677	4.139143279172821	2.0	739	729	0.3	True	2481.5
2	1	False	associated	1	0	NA	NA	0	0	NA	True	13093.0
2	1	False	other_covered_genes	37	1	4.2	4.2	11	0	NA	True	12492.0
2	1	True	associated	41	41	6.190243902439024	5.2	41	41	28.4	True	9962.0
2	1	True	other_covered_genes	799	770	6.337662337662338	4.2	788	782	15.4	True	11618.0
2	2	False	associated	3	0	NA	NA	1	0	NA	True	12682.0
2	2	False	other_covered_genes	38	1	1.0	1.0	14	0	NA	True	12247.0
2	2	True	associated	28	27	4.948148148148148	3.1	27	27	22.450000000000003	True	12903.5
2	2	True	other_covered_genes	711	694	6.648414985590778	4.4	703	702	13.7	True	11384.0
2	3	False	associated	1	0	NA	NA	0	0	NA	True	7407.0
2	3	False	other_covered_genes	31	1	0.0	0.0	10	0	NA	True	13162.0
2	3	True	associated	10	10	3.0899999999999994	2.3499999999999996	10	10	8.8	True	10435.5
2	3	True	other_covered_genes	667	653	6.195099540581929	3.6	665	663	10.4	True	12363.0
2	4	False	associated	0	0	NA	NA	0	0	NA	False	NA
2	4	False	other_covered_genes	52	4	1.175	0.75	20	1	NA	False	11827.5
2	4	True	associated	10	10	7.49	3.2	10	10	10.2	True	13125.0
2	4	True	other_covered_genes	626	613	6.25415986949429	4.0	623	620	9.55	True	12325.5
2	5	False	associated	0	0	NA	NA	0	0	NA	False	NA
2	5	False	other_covered_genes	62	3	1.5666666666666667	1.5	31	0	NA	False	10184.0
2	5	True	associated	12	11	4.972727272727273	3.1	12	12	13.65	True	13070.0
2	5	True	other_covered_genes	652	630	5.638253968253968	3.8	645	642	6.4	True	12056.5
3	1	False	associated	0	0	NA	NA	0	0	NA	False	NA
3	1	False	other_covered_genes	29	2	0.5	0.5	9	0	NA	False	24615.0
3	1	True	associated	25	24	10.366666666666665	6.0	24	24	43.0	True	26447.0
3	1	True	other_covered_genes	634	617	6.378444084278768	4.4	626	620	15.5	True	26367.0
3	2	False	associated	2	0	NA	NA	1	0	NA	True	23168.5
3	2	False	other_covered_genes	35	1	1.5	1.5	9	0	NA	True	26991.0
3	2	True	associated	16	15	7.8999999999999995	7.8	15	15	9.25	True	26855.5
3	2	True	other_covered_genes	730	714	6.8	4.8	719	718	13.1	True	26690.5
3	3	False	associated	0	0	NA	NA	0	0	NA	False	NA
3	3	False	other_covered_genes	25	2	0.8	0.8	11	1	NA	False	27385.0
3	3	True	associated	12	12	8.875	5.699999999999999	12	11	22.6	True	29809.5
3	3	True	other_covered_genes	775	753	6.379282868525897	4.4	764	761	12.0	True	26716.0
3	4	False	associated	0	0	NA	NA	0	0	NA	False	NA
3	4	False	other_covered_genes	32	1	0.5	0.5	15	0	NA	False	25670.5
3	4	True	associated	14	14	5.8428571428571425	3.75	14	14	6.75	True	24543.0
3	4	True	other_covered_genes	723	710	6.600140845070423	4.2	719	717	11.9	True	27354.0
3	5	False	associated	0	0	NA	NA	0	0	NA	False	NA
3	5	False	other_covered_genes	35	1	1.0	1.0	14	0	NA	False	26395.0
3	5	True	associated	8	7	3.4571428571428564	2.3	8	8	4.4	True	26030.0
3	5	True	other_covered_genes	689	675	5.770666666666666	4.0	683	682	6.7	True	27444.0
4	1	False	associated	1	0	NA	NA	0	0	NA	True	45542.0
4	1	False	other_covered_genes	35	4	0.25	0.0	10	0	NA	True	53416.0
4	1	True	associated	20	20	11.180000000000001	7.85	20	20	22.1	True	56466.5
4	1	True	other_covered_genes	545	534	7.058052434456929	4.7	538	535	14.0	True	56541.0
4	2	False	associated	1	0	NA	NA	0	0	NA	True	47808.0
4	2	False	other_covered_genes	21	0	NA	NA	7	0	NA	True	53201.0
4	2	True	associated	27	26	8.123076923076923	6.0	27	27	38.4	True	58626.0
4	2	True	other_covered_genes	761	749	8.159679572763686	5.3	756	753	12.5	True	56099.0
4	3	False	associated	0	0	NA	NA	0	0	NA	False	NA
4	3	False	other_covered_genes	29	1	0.0	0.0	11	0	NA	False	59577.0
4	3	True	associated	11	11	7.754545454545454	5.1	11	11	16.5	True	74204.0
4	3	True	other_covered_genes	806	784	6.61594387755102	4.2	794	790	10.5	True	56648.0
4	4	False	associated	0	0	NA	NA	0	0	NA	False	NA
4	4	False	other_covered_genes	40	1	0.8	0.8	10	0	NA	False	59393.5
4	4	True	associated	11	11	5.472727272727273	4.1	11	11	16.6	True	49221.0
4	4	True	other_covered_genes	784	767	6.79361147327249	4.7	780	777	11.0	True	57096.5
4	5	False	associated	0	0	NA	NA	0	0	NA	False	NA
4	5	False	other_covered_genes	33	2	1.4	1.4	13	0	NA	False	57700.0
4	5	True	associated	5	4	3.275	1.55	4	4	23.5	True	49548.0
4	5	True	other_covered_genes	652	636	6.8698113207547165	4.8	647	642	7.9	True	56303.0
5	1	False	associated	0	0	NA	NA	0	0	NA	False	NA
5	1	False	other_covered_genes	13	1	0.0	0.0	3	0	NA	False	107997.0
5	1	True	associated	15	15	14.086666666666666	11.7	15	15	22.7	True	133953.0
5	1	True	other_covered_genes	395	388	7.71520618556701	5.05	392	388	13.0	True	142895.0
5	2	False	associated	0	0	NA	NA	0	0	NA	False	NA
5	2	False	other_covered_genes	19	2	0.8	0.8	5	0	NA	False	151774.0
5	2	True	associated	26	26	9.7	5.3	26	26	14.2	True	177900.5
5	2	True	other_covered_genes	749	736	7.235054347826087	4.9	742	738	11.9	True	148837.0
5	3	False	associated	0	0	NA	NA	0	0	NA	False	NA
5	3	False	other_covered_genes	27	0	NA	NA	11	0	NA	False	194926.0
5	3	True	associated	16	16	13.48125	8.8	16	16	21.4	True	139020.5
5	3	True	other_covered_genes	887	876	7.528767123287671	4.8	882	877	11.2	True	157779.0
5	4	False	associated	0	0	NA	NA	0	0	NA	False	NA
5	4	False	other_covered_genes	25	1	0.0	0.0	11	0	NA	False	127152.0
5	4	True	associated	11	11	7.672727272727273	5.9	11	11	19.6	True	334844.0
5	4	True	other_covered_genes	966	957	7.287460815047022	4.7	964	959	10.350000000000001	True	176534.5
5	5	False	associated	0	0	NA	NA	0	0	NA	False	NA
5	5	False	other_covered_genes	18	2	1.0	1.0	10	0	NA	False	132799.0
5	5	True	associated	7	7	6.271428571428572	4.3	7	7	12.0	True	341453.0
5	5	True	other_covered_genes	609	597	6.852596314907872	4.5	607	599	10.1	True	173672.0
