length_quintile	density_quintile	brain_coverage	expression_quintile	associated_genes	control_genes	associated_scored	controls_scored	associated_knownness_mean	control_knownness_mean
1	1	False	0	2	151	0	6	NA	0.6666666666666666
1	1	True	1	1	280	1	259	12.0	4.525482625482625
1	1	True	2	2	182	2	180	4.7	6.524444444444444
1	1	True	3	12	148	12	144	5.708333333333333	6.024305555555555
1	1	True	4	5	154	5	151	5.4799999999999995	6.805960264900664
1	1	True	5	9	246	8	241	5.7	8.773858921161827
1	2	False	0	0	75	0	0	NA	NA
1	2	True	1	0	163	0	147	NA	4.778231292517008
1	2	True	2	3	110	3	106	2.1666666666666665	6.510377358490566
1	2	True	3	0	66	0	65	NA	5.381538461538461
1	2	True	4	0	82	0	80	NA	6.13125
1	2	True	5	5	112	5	109	4.9399999999999995	8.08807339449541
1	3	False	0	0	75	0	0	NA	NA
1	3	True	1	0	151	0	131	NA	3.582442748091603
1	3	True	2	3	72	3	69	2.8000000000000003	5.189855072463769
1	3	True	3	0	47	0	47	NA	5.5638297872340425
1	3	True	4	0	35	0	35	NA	3.5885714285714285
1	3	True	5	2	101	1	100	4.3	7.635
1	4	False	0	0	85	0	3	NA	0.5
1	4	True	1	4	159	3	148	8.666666666666666	3.1729729729729725
1	4	True	2	1	68	0	67	NA	6.1089552238805975
1	4	True	3	1	53	1	50	11.0	7.0920000000000005
1	4	True	4	0	42	0	42	NA	6.823809523809524
1	4	True	5	4	71	4	71	5.025	6.307042253521126
1	5	False	0	8	241	0	7	NA	1.9
1	5	True	1	5	442	3	392	5.966666666666666	2.5926020408163266
1	5	True	2	2	97	2	86	4.45	5.927906976744186
1	5	True	3	1	43	1	43	4.8	4.441860465116279
1	5	True	4	0	48	0	46	NA	4.719565217391303
1	5	True	5	2	112	2	110	12.55	7.890909090909091
2	1	False	0	1	37	0	1	NA	4.2
2	1	True	1	5	114	5	95	6.08	5.618947368421052
2	1	True	2	7	140	7	137	8.114285714285714	6.247445255474452
2	1	True	3	4	150	4	149	3.0500000000000003	5.799328859060402
2	1	True	4	12	178	12	175	5.941666666666666	6.514857142857142
2	1	True	5	13	217	13	214	6.392307692307693	6.944392523364487
2	2	False	0	3	38	0	1	NA	1.0
2	2	True	1	4	120	3	113	4.333333333333333	5.991150442477876
2	2	True	2	5	141	5	139	6.1	5.085611510791367
2	2	True	3	3	116	3	116	3.2999999999999994	7.307758620689656
2	2	True	4	10	159	10	158	5.209999999999999	6.4949367088607595
2	2	True	5	6	175	6	168	4.683333333333334	8.072619047619048
2	3	False	0	1	31	0	1	NA	0.0
2	3	True	1	2	135	2	130	1.95	4.2676923076923075
2	3	True	2	2	128	2	125	2.8	6.0136
2	3	True	3	3	130	3	130	1.4333333333333333	6.059230769230769
2	3	True	4	1	107	1	101	2.6	7.046534653465348
2	3	True	5	2	167	2	167	7.25	7.422155688622754
2	4	False	0	0	52	0	4	NA	1.175
2	4	True	1	4	147	4	142	4.875	4.585915492957747
2	4	True	2	1	127	1	123	23.1	6.558536585365854
2	4	True	3	0	92	0	92	NA	7.102173913043478
2	4	True	4	2	112	2	109	7.55	4.84954128440367
2	4	True	5	3	148	3	147	5.733333333333333	8.121768707482994
2	5	False	0	0	62	0	3	NA	1.5666666666666667
2	5	True	1	1	195	1	182	3.7	4.386813186813186
2	5	True	2	2	126	2	122	3.3	6.015573770491804
2	5	True	3	4	101	3	98	6.266666666666667	5.409183673469388
2	5	True	4	5	102	5	100	5.12	5.673000000000001
2	5	True	5	0	128	0	128	NA	7.206250000000001
3	1	False	0	0	29	0	2	NA	0.5
3	1	True	1	1	67	0	63	NA	4.723809523809523
3	1	True	2	2	120	2	113	4.7	6.446017699115045
3	1	True	3	5	133	5	131	13.419999999999998	5.087786259541985
3	1	True	4	4	175	4	172	4.550000000000001	6.276162790697675
3	1	True	5	13	139	13	138	11.853846153846153	8.431159420289855
3	2	False	0	2	35	0	1	NA	1.5
3	2	True	1	2	92	1	82	2.7	5.628048780487804
3	2	True	2	3	138	3	135	11.166666666666666	6.4177777777777765
3	2	True	3	4	171	4	171	7.050000000000001	6.689473684210527
3	2	True	4	2	158	2	157	9.6	6.621656050955414
3	2	True	5	5	171	5	169	6.9799999999999995	7.9514792899408295
3	3	False	0	0	25	0	2	NA	0.8
3	3	True	1	1	123	1	109	3.5	4.879816513761468
3	3	True	2	2	158	2	154	1.8	5.892207792207792
3	3	True	3	2	168	2	166	10.05	7.406626506024097
3	3	True	4	7	173	7	171	11.328571428571431	6.1725146198830405
3	3	True	5	0	153	0	153	NA	7.054248366013072
3	4	False	0	0	32	0	1	NA	0.5
3	4	True	1	0	118	0	112	NA	4.819642857142857
3	4	True	2	7	149	7	145	7.542857142857143	4.995862068965517
3	4	True	3	1	154	1	152	1.5	6.4322368421052625
3	4	True	4	2	147	2	146	3.1999999999999997	7.375342465753424
3	4	True	5	4	155	4	155	5.275	8.821935483870968
3	5	False	0	0	35	0	1	NA	1.0
3	5	True	1	2	182	2	175	4.45	4.346857142857143
3	5	True	2	3	145	2	139	1.8	5.967625899280575
3	5	True	3	1	144	1	143	2.3	6.2867132867132876
3	5	True	4	2	111	2	111	4.7	5.64144144144144
3	5	True	5	0	107	0	107	NA	7.2878504672897195
4	1	False	0	1	35	0	4	NA	0.25
4	1	True	1	2	50	2	43	2.9499999999999997	3.3627906976744186
4	1	True	2	2	100	2	98	13.05	5.131632653061224
4	1	True	3	5	139	5	138	5.2	7.107971014492754
4	1	True	4	5	139	5	138	10.959999999999999	8.231884057971014
4	1	True	5	6	117	6	117	18.46666666666667	8.586324786324786
4	2	False	0	1	21	0	0	NA	NA
4	2	True	1	3	83	2	78	8.45	8.169230769230769
4	2	True	2	2	155	2	150	0.75	7.044
4	2	True	3	3	198	3	197	3.9333333333333336	7.784263959390863
4	2	True	4	6	196	6	195	7.449999999999999	8.654871794871793
4	2	True	5	13	129	13	129	10.484615384615383	9.275968992248062
4	3	False	0	0	29	0	1	NA	0.0
4	3	True	1	1	112	1	102	20.4	5.2176470588235295
4	3	True	2	2	193	2	186	3.5	6.549999999999999
4	3	True	3	2	184	2	183	6.85	5.815846994535518
4	3	True	4	4	163	4	162	3.45	7.04753086419753
4	3	True	5	2	154	2	151	15.2	8.148344370860926
4	4	False	0	0	40	0	1	NA	0.8
4	4	True	1	2	120	2	113	11.350000000000001	6.663716814159292
4	4	True	2	1	167	1	160	5.0	5.861875
4	4	True	3	2	175	2	173	2.6999999999999997	6.686705202312139
4	4	True	4	3	179	3	178	6.133333333333333	7.724719101123595
4	4	True	5	3	143	3	143	2.9	6.909090909090909
4	5	False	0	0	33	0	2	NA	1.4
4	5	True	1	1	144	0	137	NA	4.795620437956204
4	5	True	2	0	152	0	147	NA	7.431972789115647
4	5	True	3	1	142	1	141	9.5	6.915602836879432
4	5	True	4	1	121	1	121	2.0	7.6000000000000005
4	5	True	5	2	93	2	90	0.8	8.055555555555555
5	1	False	0	0	13	0	1	NA	0.0
5	1	True	1	0	33	0	28	NA	5.596428571428571
5	1	True	2	1	74	1	73	8.5	6.656164383561643
5	1	True	3	2	121	2	121	7.7	8.061983471074381
5	1	True	4	6	108	6	107	6.666666666666667	8.179439252336449
5	1	True	5	6	59	6	59	24.566666666666666	8.477966101694914
5	2	False	0	0	19	0	2	NA	0.8
5	2	True	1	0	70	0	61	NA	5.632786885245901
5	2	True	2	6	171	6	168	10.683333333333332	5.826785714285714
5	2	True	3	8	182	8	182	4.4624999999999995	7.004945054945053
5	2	True	4	8	216	8	216	8.162500000000001	8.271296296296295
5	2	True	5	4	110	4	109	21.775	8.63302752293578
5	3	False	0	0	27	0	0	NA	NA
5	3	True	1	0	91	0	86	NA	4.534883720930233
5	3	True	2	2	218	2	215	52.8	6.413953488372093
5	3	True	3	4	228	4	227	8.325	7.545814977973569
5	3	True	4	7	193	7	191	6.2	8.03717277486911
5	3	True	5	3	157	3	157	11.133333333333333	10.05222929936306
5	4	False	0	0	25	0	1	NA	0.0
5	4	True	1	0	105	0	101	NA	6.478217821782178
5	4	True	2	4	252	4	251	10.125	7.07211155378486
5	4	True	3	0	239	0	238	NA	7.108823529411764
5	4	True	4	5	222	5	220	8.48	7.083181818181817
5	4	True	5	2	148	2	147	0.75	8.806122448979592
5	5	False	0	0	18	0	2	NA	1.0
5	5	True	1	1	84	1	77	4.3	6.312987012987012
5	5	True	2	2	144	2	141	9.8	7.3177304964539
5	5	True	3	1	142	1	142	3.4	6.749295774647888
5	5	True	4	1	125	1	125	2.5	7.728800000000001
5	5	True	5	2	114	2	112	7.050000000000001	5.7910714285714295
