region_id	gene_id	symbol	body_local_snps	body_ld_covered_snps	body_lead	body_lead_r2_to_region_lead	body_max_r2_to_region_lead
R001	ENSG00000047849	MAP4	66	58	rs143811615	0.015727594195958688	0.046355734761881894
R001	ENSG00000270285	RPS27P30	0	0	NA	NA	NA
R001	ENSG00000265078	RN7SL664P	0	0	NA	NA	NA
R001	ENSG00000236768	RPL17P16	1	1	rs148413194	0.0011214296771256582	0.0011214296771256582
R001	ENSG00000164045	CDC25A	51	43	rs3731507	0.015179692794694468	0.05339723898598694
R001	ENSG00000235627	SNRPFP4	0	0	NA	NA	NA
R001	ENSG00000253056	RNU7-128P	0	0	NA	NA	NA
R001	ENSG00000231884	NDUFB1P1	1	1	rs71323386	0.007222542478378131	0.007222542478378131
R001	ENSG00000265483	MIR4443	0	0	NA	NA	NA
R001	ENSG00000164047	CAMP	1	1	rs77598739	0.005703993902394275	0.005703993902394275
R001	ENSG00000164048	ZNF589	136	111	rs150751569	0.02629749535518533	0.06088362015075935
R001	ENSG00000229759	MRPS18AP1	0	0	NA	NA	NA
R001	ENSG00000199476	Y_RNA	0	0	NA	NA	NA
R001	ENSG00000228638	FCF1P2	0	0	NA	NA	NA
R001	ENSG00000172113	NME6	22	19	rs190462557	0.004038455028828397	0.008863945148002808
R001	ENSG00000229453	SPINK8	57	45	rs115979122	0.018843165346261445	0.0354971376852718
R001	ENSG00000252466	MIR2115	0	0	NA	NA	NA
R001	ENSG00000164049	FBXW12	59	51	rs73831575	0.01616912497889082	0.02380404665941892
R001	ENSG00000265053	RN7SL321P	3	3	rs7636782	0.00860510463510962	0.00860510463510962
R001	ENSG00000164050	PLXNB1	45	40	rs73074378	0.08049317990892803	0.08049317990892803
R001	ENSG00000164051	CCDC51	21	19	rs146948889	0.004336404324767932	0.012282831504914398
R001	ENSG00000232112	TMA7	12	10	rs4858820	NA	0.011993266088474282
R001	ENSG00000244380	RP11-24C3.2	21	17	rs4858820	NA	0.011993266088474282
R001	ENSG00000164053	ATRIP	29	23	rs72556577	0.042752388830971585	0.042752388830971585
R001	ENSG00000213689	TREX1	5	4	rs149258162	0.00011083602026715772	0.07711806289537014
R001	ENSG00000164054	SHISA5	61	53	rs12492271	0.014820767270520643	0.026948835841185334
R001	ENSG00000264209	AC104448.1	0	0	NA	NA	NA
R001	ENSG00000114268	PFKFB4	82	69	rs73078305	0.06342163928729762	0.07800198624143641
R001	ENSG00000145040	UCN2	6	6	rs13319635	0.01202643221534308	0.03469168492063304
R001	ENSG00000114270	COL7A1	45	40	rs17256786	NA	0.10566914467562781
R001	ENSG00000211535	MIR711	0	0	NA	NA	NA
R001	ENSG00000010256	UQCRC1	18	18	rs34591495	0.10566914467562781	0.10566914467562781
R001	ENSG00000183396	TMEM89	2	2	rs9834639	0.06125268436708042	0.06125268436708042
R001	ENSG00000225697	SLC26A6	22	18	rs7620853	0.10956689318808627	0.10956689318808627
R001	ENSG00000008300	CELSR3	38	32	rs13096357	0.10987555455692072	0.11357536331939591
R001	ENSG00000263898	MIR4793	0	0	NA	NA	NA
R001	ENSG00000228350	LINC02585	6	3	rs13070798	0.11107926839448863	0.11107926839448863
R001	ENSG00000213672	NCKIPSD	47	36	rs13070798	0.11107926839448863	0.11273060809407882
R001	ENSG00000271973	RP11-572O6.1	1	1	rs78864109	0.014747551107389546	0.014747551107389546
R001	ENSG00000068745	IP6K2	104	90	rs56735597	0.10581327475433515	0.10998905214242909
R001	ENSG00000114302	PRKAR2A	117	99	rs13074318	0.09808310744836136	0.10777684551377764
R001	ENSG00000224424	PRKAR2A-AS1	5	5	rs55761431	0.09577574971450713	0.09577574971450713
R001	ENSG00000178537	SLC25A20	52	50	rs112837572	0.09888565156279817	0.10777684551377764
R001	ENSG00000221883	ARIH2OS	1	1	rs150858838	0.06797345346251277	0.06797345346251277
R001	ENSG00000177479	ARIH2	106	87	rs13087930	0.10777684551377764	0.10777684551377764
R001	ENSG00000235236	RP13-131K19.1	8	6	rs111674320	0.05207555116404666	0.05207555116404666
R001	ENSG00000223343	RP13-131K19.2	5	4	rs115931880	0.04614013816484828	0.04614013816484828
R001	ENSG00000273211	RP13-131K19.7	1	1	rs192314494	3.7957906651656376e-05	3.7957906651656376e-05
R001	ENSG00000178467	P4HTM	20	19	rs34504524	0.10694573191242092	0.10694573191242092
R001	ENSG00000178252	WDR6	10	9	rs71324929	0.09415463943907063	0.09415463943907063
R001	ENSG00000178149	DALRD3	8	6	rs78807522	0.09623397717896627	0.09623397717896627
R001	ENSG00000199032	MIR425	0	0	NA	NA	NA
R001	ENSG00000178057	NDUFAF3	1	0	rs144723005	NA	NA
R001	ENSG00000207605	MIR191	0	0	NA	NA	NA
R001	ENSG00000178035	IMPDH2	7	7	rs11706052	0.10694573191242092	0.10694573191242092
R001	ENSG00000272434	RP13-131K19.6	0	0	NA	NA	NA
R001	ENSG00000198218	QRICH1	99	88	rs61729488	0.09339116925821944	0.13134625245348025
R001	ENSG00000241461	RN7SL182P	0	0	NA	NA	NA
R001	ENSG00000172053	QARS1	13	11	rs35673421	0.10694573191242092	0.10694573191242092
R001	ENSG00000172046	USP19	17	15	rs11552724	NA	0.02598372405140124
R001	ENSG00000172037	LAMB2	19	18	rs34290943	0.09706309872197887	0.09706309872197887
R001	ENSG00000270441	LAMB2P1	38	31	rs9880088	0.10777684551377764	0.10777684551377764
R001	ENSG00000177352	CCDC71	6	4	rs1134043	0.03083836995615408	0.03083836995615408
R001	ENSG00000185909	KLHDC8B	10	9	rs34571182	NA	0.10777684551377764
R001	ENSG00000236980	CIMIP7	29	25	rs9835439	NA	0.12477143079811552
R001	ENSG00000173421	IHO1	102	94	rs73084135	0.09571872260030001	0.13601945210644995
R001	ENSG00000270538	GCSHP6	0	0	NA	NA	NA
R001	ENSG00000225399	RP11-3B7.1	4	4	rs7626076	0.018209098269953383	0.025787308128407464
R001	ENSG00000188315	C3orf62	16	14	rs56306491	0.09888565156279817	0.10862109723454845
R001	ENSG00000199546	Y_RNA	0	0	NA	NA	NA
R001	ENSG00000264633	MIR4271	0	0	NA	NA	NA
R001	ENSG00000114316	USP4	101	80	rs150429489	0.10984549839239292	0.180028269058425
R001	ENSG00000233276	GPX1	2	2	rs1800668	0.43819203531537354	0.43819203531537354
R001	ENSG00000067560	RHOA	120	101	rs7623659	0.43819203531537354	0.43819203531537354
R001	ENSG00000235908	RHOA-IT1	2	2	rs193100523	0.016201719506946155	0.016201719506946155
R001	ENSG00000145022	TCTA	9	8	rs6997	0.43819203531537354	0.43819203531537354
R001	ENSG00000145020	AMT	12	10	rs9859556	0.43819203531537354	0.43819203531537354
R001	ENSG00000235261	NICN1-AS1	2	2	rs8897	0.01828006096157161	0.01828006096157161
R001	ENSG00000145029	NICN1	9	8	rs6446272	0.43819203531537354	0.43819203531537354
R001	ENSG00000201301	RNA5SP130	0	0	NA	NA	NA
R001	ENSG00000173402	DAG1	131	113	rs13062429	0.42975589517320906	0.42975589517320906
R001	ENSG00000226913	BSN-DT	7	6	rs3811697	0.4297558951732089	0.4297558951732089
R001	ENSG00000164061	BSN	208	173	rs11926781	0.4297558951732089	0.4315710141033693
R001	ENSG00000235120	BSN-AS1	5	3	rs2172252	NA	0.428142361930198
R001	ENSG00000164062	APEH	12	11	rs1131095	0.428142361930198	0.428142361930198
R001	ENSG00000173531	MST1	8	8	rs13085791	0.428142361930198	0.428142361930198
R001	ENSG00000259970	AC099668.5	0	0	NA	NA	NA
R001	ENSG00000164068	RNF123	71	66	rs9873183	0.9636353561168143	0.9636353561168143
R001	ENSG00000176020	AMIGO3	10	8	rs4768	0.4811702316520797	0.4811702316520797
R001	ENSG00000173540	GMPPB	10	8	rs4768	0.4811702316520797	0.4811702316520797
R001	ENSG00000176095	IP6K1	125	104	rs7649348	0.9676281034754964	0.9716369190800317
R001	ENSG00000239576	COX6CP14	0	0	NA	NA	NA
R001	ENSG00000244730	PHF5AP3	2	2	rs34451146	0.9716369190800317	0.9716369190800317
R001	ENSG00000187492	CDHR4	23	19	rs6802890	0.9716369190800317	0.9716369190800317
R001	ENSG00000185614	INKA1	2	2	rs181384342	0.0031845667861086385	0.028043610925190837
R001	ENSG00000182179	UBA7	17	15	rs3819325	0.9552144562310995	0.9552144562310995
R001	ENSG00000263506	MIR5193	1	1	rs192319446	0.011151246528062996	0.011151246528062996
R001	ENSG00000263651	AC139451.1	0	0	NA	NA	NA
R001	ENSG00000183763	TRAIP	51	44	rs2352974	1.0	1.0
R001	ENSG00000164076	CAMKV	23	17	rs6446187	0.6594907824648827	0.6607609586606811
R001	ENSG00000264706	RN7SL217P	2	0	rs11130222	NA	NA
R001	ENSG00000234667	ACTL11P	9	7	rs34654589	NA	0.48326535442888907
R001	ENSG00000164078	MST1R	27	22	rs1062633	0.6412528021101173	0.6537782978521571
R001	ENSG00000230698	CTD-2330K9.2	10	8	rs11130224	NA	0.6502042727176639
R001	ENSG00000228008	CTD-2330K9.3	17	16	rs7634084	NA	0.6502042727176639
R001	ENSG00000164077	MON1A	34	29	rs62262093	0.6502042727176639	0.6502042727176639
R001	ENSG00000004534	RBM6	354	308	rs2240329	0.5889705395934375	0.5922531358264743
R001	ENSG00000003756	RBM5	41	35	rs2624825	0.5889705395934375	0.5889705395934375
R001	ENSG00000235016	SEMA3F-AS1	86	78	rs2624825	0.5889705395934375	0.5889705395934375
R001	ENSG00000001617	SEMA3F	86	76	rs3774750	NA	0.40714289222033306
R001	ENSG00000207922	MIR566	0	0	NA	NA	NA
R001	ENSG00000114349	GNAT1	4	4	rs11919418	0.1915690077277939	0.1915690077277939
R001	ENSG00000188338	SLC38A3	30	25	rs2236942	NA	0.2243571127954015
R001	ENSG00000114353	GNAI2	53	49	rs2298952	0.0716970776958462	0.0716970776958462
R001	ENSG00000213600	U73169.1	1	1	rs140372423	0.0013007949702964045	0.0013007949702964045
R001	ENSG00000230454	LINC03143	4	4	rs4141060	0.017652383501310626	0.017652383501310626
R001	ENSG00000232352	SEMA3B-AS1	2	2	rs116603694	0.003392490742790153	0.003392490742790153
R001	ENSG00000012171	SEMA3B	19	16	rs55689339	NA	0.06104316182459773
R001	ENSG00000179564	LSMEM2	10	9	rs112911401	0.0663294350479612	0.0663294350479612
R001	ENSG00000214706	IFRD2	13	10	rs139030386	0.000881758461099779	0.022258114676080767
R001	ENSG00000186792	HYAL3	14	13	rs3774753	0.0004387710537880128	0.028389884187139232
R001	ENSG00000243477	NAA80	8	7	rs11545105	4.432823495509436e-05	0.015051779496974461
R001	ENSG00000114378	HYAL1	23	22	rs62260803	0.024783038708294965	0.029883219504976483
R001	ENSG00000068001	HYAL2	6	6	rs147838410	0.0015533271812629259	0.0425074839627637
R001	ENSG00000114383	TUSC2	12	12	rs11549673	0.06015908465560383	0.06015908465560383
R001	ENSG00000068028	RASSF1	27	22	rs147036949	NA	0.030635654589506543
R001	ENSG00000235058	ZMYND10-AS1	6	6	rs78166579	0.025632643510877115	0.02840889086973658
R001	ENSG00000004838	ZMYND10	7	6	rs78166579	0.025632643510877115	0.02840889086973658
R001	ENSG00000114388	NPRL2	4	4	rs73082914	0.05751480468454091	0.05751480468454091
R001	ENSG00000114395	CYB561D2	19	16	rs114924982	3.7957906651656905e-05	0.02840889086973658
R001	ENSG00000272104	XXcos-LUCA11.5	32	27	rs114924982	3.7957906651656905e-05	0.02840889086973658
R001	ENSG00000126062	TMEM115	10	7	rs180693428	0.006731942707990632	0.02840889086973658
R001	ENSG00000007402	CACNA2D2	369	324	rs1540293	0.07211351722953938	0.08481227944273516
R001	ENSG00000271858	XXcos-LUCA11.4	2	2	rs149761786	0.01813195914961642	0.01813195914961642
R001	ENSG00000202322	RNA5SP131	1	1	rs916217	0.0548515982754471	0.0548515982754471
R001	ENSG00000088543	C3orf18	29	26	rs3804627	0.03553914901976902	0.03894507739510657
R001	ENSG00000114735	HEMK1	30	28	rs399971	0.03553914901976902	0.03894507739510657
R001	ENSG00000114737	CISH	14	13	rs2239752	0.00017323097276550497	0.03553218587243746
R001	ENSG00000114738	MAPKAPK3	92	72	rs11711534	0.021360645911933006	0.05108048281582053
R001	ENSG00000273356	LINC02019	5	5	rs13075344	0.029486051514479014	0.029486051514479014
R001	ENSG00000272543	MIR4787	0	0	NA	NA	NA
R001	ENSG00000088538	DOCK3	700	592	rs73072475	0.024857485033012886	0.05798219600571751
R001	ENSG00000228337	PPIAP69	0	0	NA	NA	NA
R001	ENSG00000213587	RP11-646D13.1	2	2	rs1824280	0.034122637392438954	0.034122637392438954
R001	ENSG00000235278	ZNF652P1	6	5	rs6446220	NA	0.0317953067915328
R001	ENSG00000240959	ST13P14	1	1	rs2355702	0.03568303290296125	0.03568303290296125
R002	ENSG00000146263	MMS22L	33	22	rs2482409	0.0045234465669150205	0.010050221445628072
R002	ENSG00000226684	RP3-418C23.2	85	66	rs118028166	0.00030133928499676856	0.015172019043445471
R002	ENSG00000224849	RP1-104O17.1	20	15	rs117577980	3.1123068297540795e-06	0.023602118290981196
R002	ENSG00000242486	RP1-104O17.2	91	84	rs17057975	0.035637793274546935	0.035637793274546935
R002	ENSG00000226207	RP1-104O17.3	31	25	rs142054839	0.0027308250031420353	0.014288191229991021
R002	ENSG00000271860	MIR2113HG	1637	1388	rs1906252	1.0	1.0
R002	ENSG00000238367	MIR2113	1	1	rs117428639	0.01691768048055863	0.01691768048055863
R002	ENSG00000220505	EIF4EBP2P3	1	1	rs56181677	0.06913218424262234	0.06913218424262234
R002	ENSG00000236920	RP11-111D3.2	11	9	rs62422686	NA	0.3727795340449336
R002	ENSG00000235504	RP3-453D15.1	1	1	rs188200329	2.3295616620710434e-06	2.3295616620710434e-06
R002	ENSG00000187472	RP11-67P15.1	73	62	rs9375647	0.00012892347954172976	0.015786469774888116
R002	ENSG00000184486	POU3F2	7	5	rs3823036	2.592148317444189e-05	0.014616419547233327
R002	ENSG00000112234	FBXL4	186	158	rs9385544	0.006000770770064322	0.013248380114672307
R002	ENSG00000271042	RP3-364H10.1	0	0	NA	NA	NA
R002	ENSG00000265226	MIR548AI	0	0	NA	NA	NA
R002	ENSG00000232699	BDH2P1	2	2	rs56744910	5.184622918597579e-05	0.005501308414618834
R002	ENSG00000146267	FAXC	312	265	rs183146511	0.00015546457750975553	0.010959616747983363
R002	ENSG00000132423	COQ3	94	83	rs12198856	0.008300616981271044	0.01686993865093741
R002	ENSG00000132424	PNISR	60	51	rs56338239	1.1297412015801819e-05	0.012977706388503953
R002	ENSG00000228506	PNISR-AS1	23	18	rs146859119	NA	0.012030161995872568
R002	ENSG00000123552	USP45	283	248	rs148163613	0.00039980363682464717	0.01799371499507611
R002	ENSG00000228439	TSTD3	35	33	rs9402863	0.014028488051496188	0.019180471484976293
R002	ENSG00000112237	CCNC	86	73	rs118041766	0.00743050587019056	0.013730317495591511
R002	ENSG00000272017	RP1-199J3.7	6	5	rs330872	0.008150675682993129	0.013730317495591511
R002	ENSG00000219755	RP1-199J3.5	4	2	rs183644990	0.002113684899226308	0.008150675682993129
R003	ENSG00000138814	PPP3CA	135	119	rs140573464	0.0009177728777273032	0.031127663510281414
R003	ENSG00000221265	MIR1255A	1	1	rs28664200	0.001529013378373226	0.001529013378373226
R003	ENSG00000254531	PPP3CA-DT	2	2	rs2850328	0.0007232052262256227	0.0038821810975720036
R003	ENSG00000153064	BANK1	2525	2155	rs13126505	0.5115416121002265	0.5115416121002265
R003	ENSG00000199529	RNU6-462P	0	0	NA	NA	NA
R003	ENSG00000251149	MTND5P5	0	0	NA	NA	NA
R003	ENSG00000251309	BANK1-AS1	172	147	rs13127398	NA	0.338705393152406
R003	ENSG00000138821	SLC39A8	692	583	rs13107325	1.0	1.0
R003	ENSG00000241144	RN7SL728P	1	1	rs76602032	0.0009616961917329926	0.0009616961917329926
R003	ENSG00000248161	NFKB1-AS1	127	103	rs71621626	0.4839696853767732	0.4839696853767732
R003	ENSG00000251572	AF213884.1	2	2	rs6834196	0.018386481301134933	0.018386481301134933
R003	ENSG00000260651	AF213884.2	1	0	rs188771491	NA	NA
R003	ENSG00000109320	NFKB1	365	310	rs4648075	0.0014141558297682925	0.10923953477999633
R003	ENSG00000238553	AF213884.3	0	0	NA	NA	NA
R003	ENSG00000109323	MANBA	392	335	rs10004772	NA	0.10564064447557497
R003	ENSG00000241981	RPL21P49	0	0	NA	NA	NA
R003	ENSG00000230069	LRRC37A15P	9	8	rs17254118	0.0009368595482871887	0.005310717568273306
R003	ENSG00000248971	KRT8P46	3	3	rs141471431	0.0007125135811167505	0.005310717568273306
R003	ENSG00000224207	RP11-10L12.1	0	0	NA	NA	NA
R003	ENSG00000251288	WDR12P1	2	2	rs13133568	0.10564064447557497	0.10564064447557497
R003	ENSG00000109332	UBE2D3	253	220	rs74332078	0.16109050526186067	0.16109050526186067
R003	ENSG00000246560	UBE2D3-AS1	49	41	rs13117052	NA	0.011713317076426193
R003	ENSG00000252739	RNU7-151P	0	0	NA	NA	NA
R003	ENSG00000238948	snoU13	0	0	NA	NA	NA
R003	ENSG00000145354	CISD2	76	63	rs138855842	0.0020962499725686026	0.0074211690935980235
R003	ENSG00000164037	SLC9B1	233	202	rs71597136	0.1706063970619376	0.1706063970619376
R003	ENSG00000250651	PABPC1P7	3	3	rs185173903	0.001387874463772957	0.005569304235964679
R003	ENSG00000249283	ACTR3BP4	3	3	rs113295653	0.0042929432700888415	0.0042929432700888415
