chromosome	start	end	region_id	region_rank	lead_snp	lead_pos	lead_p	gws_snp_count	pilot
3	48070686	50974574	R001	1	rs2352974	49890613	5.19e-29	821	True
6	97714814	100032265	R002	2	rs1906252	98550289	4.44e-27	300	True
4	102202364	103888441	R003	3	rs13107325	103188709	1.09e-23	109	True
6	108356378	109520634	R004	4	rs9384679	108864419	1.14e-21	80	False
1	71961382	73456037	R005	5	rs3128341	72749848	2.52e-21	294	False
20	46911456	48503053	R006	6	rs2426132	47723127	3.57e-21	465	False
9	22844737	24323399	R007	7	rs11793831	23362311	1.69e-20	78	False
6	24682925	32580191	R008	8	rs148696809	28934352	7.79e-20	1175	False
4	105549147	106879808	R009	9	rs2726513	106217358	2.37e-19	167	False
16	27798418	29508079	R010	10	rs12448902	28871191	5.12e-19	309	False
10	102993226	104688259	R011	11	rs3740422	103565960	1.23e-17	168	False
16	52901732	54050898	R012	12	rs8054299	53498655	7.22e-17	115	False
2	99789102	101822193	R013	13	rs11123820	100871186	9.17e-17	393	False
1	95669760	96725735	R014	14	rs10874938	96175936	1.19e-16	39	False
12	48889320	50161715	R015	15	rs10875914	49422094	3.45e-16	38	False
1	40954959	42351415	R016	16	rs1892419	41781151	3.47e-16	232	False
3	23339884	24684995	R017	17	rs6550835	24062661	3.89e-16	148	False
18	50057938	51495585	R018	18	rs11662271	50907365	4.39e-16	502	False
5	87436379	88675251	R019	19	rs13163336	87943710	5.04e-16	116	False
4	24842606	25908838	R020	20	rs34811474	25408838	1.42e-15	2	False
2	60102892	61226427	R021	21	rs10189857	60713235	2.03e-15	84	False
12	79038633	80185226	R022	22	rs7963801	79685226	3.46e-15	8	False
22	39274448	43252280	R023	23	rs5751191	42370991	8.93e-15	390	False
5	139017197	140607199	R024	24	rs4463213	139545748	2.56e-14	253	False
7	132418345	134234597	R025	25	rs6975134	133531432	4.55e-14	456	False
1	109339896	110548527	R026	26	rs1144593	110030945	1.82e-13	180	False
1	31556510	32640733	R027	27	rs7546297	32106494	4.55e-13	79	False
14	32759064	33809495	R028	28	rs2239647	33292743	4.71e-13	49	False
7	44265511	45473379	R029	29	rs3735478	44800176	4.85e-13	19	False
8	92476563	93682601	R030	30	rs991871	93164505	5.72e-13	169	False
7	126456866	128919678	R031	31	rs17151739	127733822	8.54e-13	203	False
2	160885291	164503374	R032	32	rs11693702	162802184	9.17e-13	220	False
17	42883100	45365603	R033	33	rs146746174	43569909	1.08e-12	282	False
5	110484283	111557475	R034	34	rs26046	111010072	2.44e-12	12	False
13	106076622	107147578	R035	35	rs2478281	106640324	3.1e-12	89	False
1	68669563	69941920	R036	36	rs9436866	69427576	6.01e-12	193	False
7	68300279	70543067	R037	37	rs3113262	69993342	6.18e-12	303	False
7	71186609	72372935	R038	38	rs35526560	71741232	6.71e-12	126	False
4	151791184	153230221	R039	39	rs6535809	152592933	6.9e-12	166	False
5	176348019	177409800	R040	40	rs335426	176908731	7.24e-12	41	False
2	155170875	158048367	R041	41	rs13425585	157487273	1.11e-11	73	False
8	142809504	143840566	R042	42	rs4976976	143311653	1.24e-11	51	False
2	143652539	145578775	R043	43	rs13428598	144250487	1.32e-11	24	False
14	103487078	104518455	R044	44	rs10129426	104018455	1.87e-11	15	False
4	1977281	3251552	R045	45	rs2295499	2717690	2.85e-11	96	False
11	94990754	96172960	R046	46	rs602512	95561682	2.92e-11	156	False
11	89886391	91231784	R047	47	rs35293660	90513272	2.94e-11	87	False
19	12021704	13614434	R048	48	rs17002025	12530177	2.96e-11	8	False
15	51191279	52942976	R049	49	rs1035738	52196830	3.47e-11	157	False
1	153260104	154490890	R050	50	rs112780312	153797015	3.73e-11	96	False
5	164873210	166000421	R051	51	rs830383	165473194	3.73e-11	79	False
17	34335526	35461051	R052	52	rs35258073	34952789	5.76e-11	76	False
17	46579416	47635875	R053	53	rs11079849	47090785	5.96e-11	11	False
7	23654873	24744627	R054	54	rs6952104	24171927	6.32e-11	55	False
4	67417979	68558681	R055	55	rs6819372	67970101	6.57e-11	37	False
15	81926170	84861518	R056	56	rs12439619	82546946	7.94e-11	70	False
5	63520316	64520316	R057	57	rs80170948	64020316	7.99e-11	1	False
7	156997857	158036448	R058	58	rs1009950	157536448	8.15e-11	24	False
5	100600605	103226073	R059	59	rs74944275	102726073	8.47e-11	26	False
9	97716876	99782269	R060	60	rs10990610	99100713	8.69e-11	167	False
16	70214287	72495980	R061	61	rs62047970	70756181	9.9e-11	89	False
14	72872069	74183194	R062	62	rs2806048	73529094	1.25e-10	22	False
8	13453663	14524264	R063	63	rs13253386	14002020	1.26e-10	44	False
3	52032291	53642980	R064	64	rs4434138	52556890	1.27e-10	323	False
1	59028557	60071814	R065	65	rs1831539	59560337	1.43e-10	14	False
4	196848	1229655	R066	66	rs12646225	696848	1.48e-10	14	False
4	17288715	18535250	R067	67	rs16895888	17853921	1.8e-10	255	False
14	40634168	41634168	R068	68	rs35760956	41134168	2.02e-10	1	False
1	43448774	44955203	R069	69	rs11210937	44405563	2.06e-10	165	False
9	131341259	132448373	R070	70	rs2005078	131942676	2.35e-10	119	False
1	97788581	99088885	R071	71	rs78164635	98288581	2.75e-10	11	False
16	61538196	62694176	R072	72	rs12446238	62075138	2.77e-10	53	False
16	24227064	25332693	R073	73	rs1862451	24803620	2.81e-10	41	False
11	46882426	48446836	R074	74	rs1064608	47640429	2.86e-10	151	False
6	10970694	12099902	R075	75	rs620729	11508671	3.05e-10	106	False
2	71025698	72178520	R076	76	rs4470366	71534617	3.61e-10	62	False
1	216329853	217371412	R077	77	rs11117646	216830128	3.66e-10	13	False
8	30367562	31527314	R078	78	rs2737339	31013470	4.14e-10	43	False
10	92840686	94220144	R079	79	rs72821233	93349867	4.88e-10	97	False
2	165960589	167211604	R080	80	rs13413443	166672949	5.56e-10	14	False
4	10202568	11204867	R081	81	rs13120565	10704137	5.66e-10	6	False
2	72858292	74337751	R082	82	rs6760964	73387386	5.73e-10	56	False
2	117026109	119288566	R083	83	rs78358737	118627164	6.18e-10	110	False
13	57788880	59135985	R084	84	rs3843954	58548511	6.33e-10	19	False
10	66648103	67782716	R085	85	rs12773747	67188211	6.73e-10	24	False
3	11963826	12984985	R086	86	rs7626560	12475088	7.34e-10	16	False
19	31329903	32458905	R087	87	rs7256776	31952890	9.28e-10	179	False
9	95753169	96928457	R088	88	rs4744250	96271752	9.34e-10	93	False
8	20412874	21415316	R089	89	rs1473634	20915316	9.39e-10	2	False
17	55951407	57707540	R090	90	rs74370218	57095212	9.81e-10	206	False
5	91941594	92977890	R091	91	rs4342312	92477890	1.05e-09	4	False
15	40142877	42264701	R092	92	rs12441495	41222487	1.24e-09	20	False
2	171162339	172178379	R093	93	rs872123	171671166	1.39e-09	8	False
16	6753286	8174376	R094	94	rs1507010	7657373	1.52e-09	31	False
11	60786997	61813525	R095	95	rs77128898	61313525	1.72e-09	6	False
14	98031606	99170849	R096	96	rs17698580	98546911	2.03e-09	46	False
3	35027409	36062183	R097	97	rs1523048	35527409	2.06e-09	17	False
3	7746179	8747860	R098	98	rs12635303	8246179	2.21e-09	2	False
2	198421604	200055172	R099	99	rs114125694	199553600	2.48e-09	76	False
7	31763711	33012804	R100	100	rs1580019	32493169	2.49e-09	52	False
6	156640077	157643339	R101	101	rs287883	157140077	3.28e-09	2	False
16	50442951	52084626	R102	102	rs4785480	50951373	3.44e-09	15	False
2	57423006	58474646	R103	103	rs17049085	57948003	3.44e-09	3	False
4	65329046	66385844	R104	104	rs3943667	65831184	3.56e-09	19	False
1	103080961	104203521	R105	105	rs6577356	103586052	3.56e-09	165	False
5	90592920	91613824	R106	106	rs34156429	91096263	3.65e-09	5	False
12	55879060	56978658	R107	107	rs1131017	56435929	3.85e-09	9	False
3	183567404	184569126	R108	108	rs73189617	184069126	3.87e-09	2	False
2	185694040	186743561	R109	109	rs7599860	186243561	3.92e-09	28	False
10	101412064	102424418	R110	110	rs1408579	101912194	4.11e-09	3	False
7	104558488	105563372	R111	111	rs12535854	105063372	4.46e-09	5	False
7	20967190	21967190	R112	112	rs39302	21467190	4.49e-09	1	False
6	21455544	22456404	R113	113	rs6903716	21956404	4.62e-09	2	False
20	21729505	22755173	R114	114	rs1415802	22245008	4.76e-09	9	False
8	145201453	146252467	R115	115	rs2721173	145744429	6.13e-09	15	False
19	47048678	48049791	R116	116	rs889169	47548678	6.13e-09	4	False
2	212090505	213903091	R117	117	rs73989053	213403091	6.31e-09	9	False
14	69202328	70217962	R118	118	rs1043254	69708241	6.61e-09	5	False
20	30599311	31599311	R119	119	rs159428	31099311	6.97e-09	1	False
5	26380925	27382085	R120	120	rs75973558	26880925	7.38e-09	2	False
15	65238080	66562575	R121	121	rs72739469	65738080	7.51e-09	4	False
3	84510039	86441811	R122	122	rs73845427	85327518	7.69e-09	119	False
3	135453220	137628815	R123	123	rs66752974	137057630	7.92e-09	18	False
2	32236043	33236043	R124	124	rs17428810	32736043	8.1e-09	1	False
1	181035715	182035715	R125	125	rs78382112	181535715	8.54e-09	1	False
14	26419218	27677910	R126	126	rs1245214	26935221	9.58e-09	47	False
1	21889388	22962143	R127	127	rs2143103	22430069	9.64e-09	6	False
8	141037406	142048419	R128	128	rs2977464	141545193	9.86e-09	6	False
5	59079719	60150536	R129	129	rs6860626	59636727	1.11e-08	24	False
4	140264124	141301666	R130	130	rs35853157	140780768	1.48e-08	17	False
1	37357462	38367528	R131	131	rs875361	37865954	1.5e-08	3	False
5	81112479	82112479	R132	132	rs658912	81612479	1.5e-08	1	False
2	136909714	138122146	R133	133	rs72850040	137512404	1.56e-08	95	False
3	71032621	72179148	R134	134	rs11720523	71545170	1.73e-08	20	False
9	134366271	135430213	R135	135	rs7044246	134866271	1.96e-08	3	False
9	111342194	112375463	R136	136	rs2439649	111875463	1.98e-08	2	False
1	83917585	84917585	R137	137	rs41293013	84417585	2.11e-08	1	False
2	41095236	42116692	R138	138	rs6708515	41606931	2.11e-08	12	False
17	60544550	61799436	R139	139	rs72843145	61052949	2.13e-08	9	False
10	64448684	65633156	R140	140	rs7896910	65016721	2.38e-08	3	False
11	133314713	134314713	R141	141	rs4937860	133814713	2.4e-08	1	False
8	83976768	85062883	R142	142	rs34531385	84490118	2.55e-08	147	False
12	92460905	93827911	R143	143	rs56290130	93327911	2.59e-08	3	False
10	106454673	107511135	R144	144	rs7895991	106996964	2.67e-08	13	False
22	37638379	38638379	R145	145	rs4396807	38138379	2.77e-08	1	False
2	43685129	44685129	R146	146	rs4347883	44185129	2.79e-08	1	False
5	62491802	63491802	R147	147	rs1812587	62991802	2.84e-08	1	False
3	139198847	140208420	R148	148	rs34903090	139703395	2.93e-08	32	False
6	50115935	52190108	R149	149	rs56135595	51690108	2.97e-08	6	False
3	107603433	108603433	R150	150	rs3860537	108103433	3.14e-08	1	False
19	49638023	50638023	R151	151	rs6509441	50138023	3.3e-08	1	False
22	26755690	27757411	R152	152	rs136554	27255690	3.53e-08	3	False
16	76024013	77024013	R153	153	rs8058881	76524013	4.14e-08	1	False
14	29572382	30592677	R154	154	rs1108732	30072382	4.21e-08	4	False
21	40014861	41024236	R155	155	rs2836921	40516070	4.21e-08	6	False
10	129613462	130613462	R156	156	rs2799399	130113462	4.55e-08	1	False
12	53105344	54105344	R157	157	rs3741434	53605344	4.68e-08	1	False
16	12656649	13656649	R158	158	rs276626	13156649	4.81e-08	1	False
9	71610562	72610562	R159	159	rs11138947	72110562	4.83e-08	1	False
19	213148	1213148	R160	160	rs34802460	713148	4.94e-08	1	False
