drug	day	measure	draws	q025	median	q975	minimum	maximum
LSD	2	drug_score	200	-2813.5705	271.48426	466.42597	-4125.2672	573.43173
LSD	2	saline_score	200	-280.56536	-10.875365	4.3500104	-318.45048	8.0192177
LSD	2	drug_minus_saline	200	-2802.6951	309.12789	477.93	-3806.8167	584.84894
LSD	14	drug_score	200	-14422.48	-4196.0111	-48.876065	-14422.48	-38.205896
LSD	14	saline_score	200	-14674.557	-32.87021	249788.07	-14674.557	249788.07
LSD	14	drug_minus_saline	200	-255176.48	-3863.6253	4361.8754	-255176.48	8468.4068
MDMA	2	drug_score	200	-539.55574	32.399942	104.18608	-580.11774	107.9174
MDMA	2	saline_score	200	-39.809641	58.411668	79.664101	-45.088873	708.88675
MDMA	2	drug_minus_saline	200	-609.82426	-25.465961	66.375376	-967.3285	72.341682
cocaine	2	drug_score	200	-1450.6532	2739.5911	4960.1972	-4838.583	6413.4762
cocaine	2	saline_score	200	-65.943834	25.571113	604.1635	-3196.6101	823.75771
cocaine	2	drug_minus_saline	200	-1476.2243	2712.1633	4932.2688	-4806.3353	5926.6368
cocaine	14	drug_score	200	-1735.7344	7479.5628	10951.936	-10796.786	13696.543
cocaine	14	saline_score	200	-566.38802	72280.697	106774.7	-2116.4634	120583.67
cocaine	14	drug_minus_saline	200	-96585.731	-67162.726	10554.352	-121614.92	13677.733
ketamine	2	drug_score	200	-31.504559	2577.2015	19189.677	-31.504559	24677.285
ketamine	2	saline_score	200	-82.304088	43.333373	32738.362	-82.304088	42099.667
ketamine	2	drug_minus_saline	200	-13548.685	2339.9879	4778.4785	-17422.382	14041.135
ketamine	14	drug_score	200	-2101.0789	401.76057	17486.892	-2113.6056	22867.219
ketamine	14	saline_score	200	-14036.698	-39.35424	18146.329	-14036.698	23672.685
ketamine	14	drug_minus_saline	200	-805.46547	957.94664	11935.619	-2038.672	11935.619
ketamine	2-minus-14	drug_score	200	531.61233	2139.0352	3515.5652	496.10667	13936.038
ketamine	2-minus-14	saline_score	200	-44.717439	98.410756	15905.126	-81.648573	18426.982
ketamine	2-minus-14	drug_minus_saline	200	-14202.341	1899.9535	3504.0298	-16616.917	14017.686
