deleted_condition	status	drug	day	state	drug_score	saline_score	drug_minus_saline
LSD_14	fit	cocaine	2	0	4596.0029	32.527687	4563.4752
LSD_14	fit	cocaine	14	0	9741.4075	95623.353	-85881.946
LSD_2	fit	cocaine	2	0	2591.0029	-54.493811	2645.4967
LSD_2	fit	cocaine	14	0	6940.8399	74248.481	-67307.641
MDMA_2	fit	cocaine	2	0	-1165.1033	25.242906	-1190.3462
MDMA_2	fit	cocaine	14	0	-1394.261	79716.325	-81110.586
ketamine_14	not estimable: one state remains	cocaine	NA	NA	NA	NA	NA
ketamine_2	fit	cocaine	2	0	3559.4173	28.751985	3530.6653
ketamine_2	fit	cocaine	14	0	9013.2952	10.514059	9002.7812
LSD_14	fit	ketamine	2	1	4114.548	61.160252	4053.3877
LSD_14	fit	ketamine	14	0	1224.1252	-29.953902	1254.0791
LSD_14	fit	ketamine	2-minus-14	open-minus-closed	2890.4228	91.114154	2799.3086
LSD_2	fit	ketamine	2	1	-2.7443533	14.158268	-16.902621
LSD_2	fit	ketamine	14	0	-1488.7491	-9948.8811	8460.132
LSD_2	fit	ketamine	2-minus-14	open-minus-closed	1486.0048	9963.0394	-8477.0346
MDMA_2	fit	ketamine	2	1	3115.7696	63.983067	3051.7866
MDMA_2	fit	ketamine	14	0	308.88835	-25.691956	334.58031
MDMA_2	fit	ketamine	2-minus-14	open-minus-closed	2806.8813	89.675022	2717.2063
cocaine_14	fit	ketamine	2	1	2347.8789	38.24054	2309.6383
cocaine_14	fit	ketamine	14	0	639.57755	-2.4141722	641.99172
cocaine_14	fit	ketamine	2-minus-14	open-minus-closed	1708.3013	40.654712	1667.6466
cocaine_2	fit	ketamine	2	1	833.67368	25.434793	808.23889
cocaine_2	fit	ketamine	14	0	247.82171	10.441381	237.38032
cocaine_2	fit	ketamine	2-minus-14	open-minus-closed	585.85198	14.993412	570.85857
MDMA_2	fit	LSD	2	1	418.21468	-4.0165434	422.23123
MDMA_2	fit	LSD	14	1	-2453.9508	-19.408714	-2434.5421
cocaine_14	fit	LSD	2	1	263.36895	-22.991666	286.36062
cocaine_14	fit	LSD	14	1	-4158.6747	-30.108794	-4128.5659
cocaine_2	fit	LSD	2	1	285.73076	-7.7163459	293.44711
cocaine_2	fit	LSD	14	1	-4910.9195	187791.45	-192702.37
ketamine_14	fit	LSD	2	1	-2672.3032	-14.725643	-2657.5775
ketamine_14	fit	LSD	14	1	-13600.765	-13598.726	-2.0384986
ketamine_2	fit	LSD	2	1	-9.9724028	-3.9162972	-6.0561056
ketamine_2	fit	LSD	14	1	-2580.0946	-18.300079	-2561.7945
LSD_14	fit	MDMA	2	1	34.190701	74.635534	-40.444833
LSD_2	fit	MDMA	2	1	0.3273456	-8.3603316	8.6876772
cocaine_14	fit	MDMA	2	1	41.729359	50.698581	-8.9692218
cocaine_2	fit	MDMA	2	1	53.211563	40.082024	13.129539
ketamine_14	fit	MDMA	2	1	-535.4396	54.474252	-589.91385
ketamine_2	fit	MDMA	2	1	48.271633	79.482992	-31.211358
