condition	neuronal_proxy	astrocyte_proxy	oligodendrocyte_proxy	microglia_proxy	endothelial_proxy	mural_proxy	published_ECM_examples	published_IEG_examples
LSD_14	9.2351323	6.1140968	9.5428946	5.0624809	3.8968726	4.2735995	2.9450382	5.568963
LSD_2	9.0271055	5.9374383	9.4818963	4.884459	3.6414185	4.1163497	2.7180999	5.4823005
MDMA_2	9.0506885	5.906933	9.4388163	4.9299008	3.6916342	4.1794813	2.924818	5.4996087
cocaine_14	9.1619431	6.2200643	9.9209126	5.3732159	3.5805767	3.7725865	2.3743318	6.1838675
cocaine_2	9.1033989	6.0583494	9.5581394	5.003512	3.7842248	4.1806216	2.4974497	5.7119587
ketamine_14	9.1696703	6.2116828	9.8192577	5.0048755	3.8728166	4.1264935	2.6407023	5.8712217
ketamine_2	9.0986703	6.0375814	9.6362122	4.8232334	3.6241303	4.2010289	2.7565993	5.0928509
saline_14	9.0650201	6.1129692	10.635492	6.0413901	3.1621219	3.4400167	2.2379536	6.0780417
saline_2	9.1076337	6.0760405	9.5815176	4.9066161	3.6447337	4.1423055	2.5569864	5.8673803
