condition_a	condition_b	all_gene_spearman	contrast_cosine
LSD_14	LSD_2	-0.081711954	-0.14948075
LSD_14	MDMA_2	-0.31602473	-0.38620384
LSD_14	cocaine_14	0.7308538	0.80766919
LSD_14	cocaine_2	-0.39263841	-0.45754183
LSD_14	ketamine_14	0.84868496	0.92377769
LSD_14	ketamine_2	-0.28169407	-0.32819362
LSD_2	MDMA_2	0.47259326	0.55317441
LSD_2	cocaine_14	0.02600351	0.023520645
LSD_2	cocaine_2	0.48652364	0.60752683
LSD_2	ketamine_14	-0.10197759	-0.16734641
LSD_2	ketamine_2	0.56231263	0.6584123
MDMA_2	cocaine_14	-0.19572597	-0.20166892
MDMA_2	cocaine_2	0.55841862	0.60575667
MDMA_2	ketamine_14	-0.32465758	-0.39075673
MDMA_2	ketamine_2	0.5779529	0.68175084
cocaine_14	cocaine_2	-0.24413617	-0.25214772
cocaine_14	ketamine_14	0.71701716	0.80419118
cocaine_14	ketamine_2	-0.10982186	-0.084444071
cocaine_2	ketamine_14	-0.40822145	-0.45631401
cocaine_2	ketamine_2	0.60421422	0.67930189
ketamine_14	ketamine_2	-0.294476	-0.33662645
