withheld_drug	model	role	n	mse	score_mean	variable_genes
cocaine	primary	withheld_drug	6	1.1377884e+08	5244.9832	27863
cocaine	primary	saline_control	6	9.8680033e+09	40572.348	27863
cocaine	primary	seen_training_optimistic	15	0.039718504	0.8	27863
cocaine	weaker_penalty	withheld_drug	6	3.659089e+08	9398.1576	27863
cocaine	weaker_penalty	saline_control	6	3.6999704e+10	78560.631	27863
cocaine	weaker_penalty	seen_training_optimistic	15	0.0014764459	0.8	27863
cocaine	stronger_penalty	withheld_drug	6	4544905.9	1051.5113	27863
cocaine	stronger_penalty	saline_control	6	3.4546236e+08	7591.8923	27863
cocaine	stronger_penalty	seen_training_optimistic	15	0.12967084	0.8	27863
cocaine	time_residual	withheld_drug	6	3215147.5	-1224.0707	27863
cocaine	time_residual	saline_control	6	8802026.5	-1211.1606	27863
cocaine	time_residual	seen_training_optimistic	15	0.086965149	0.8	27863
cocaine	pc1_removed	withheld_drug	6	1.0133994e+08	4930.3071	27863
cocaine	pc1_removed	saline_control	6	9.2269055e+09	39233.394	27863
cocaine	pc1_removed	seen_training_optimistic	15	0.043042924	0.8	27863
cocaine	composition_residual	withheld_drug	6	3.4825479e+08	9711.3508	27845
cocaine	composition_residual	saline_control	6	4.0740204e+08	8243.8916	27845
cocaine	composition_residual	seen_training_optimistic	15	0.10314598	0.8	27845
cocaine	saline_in_training	withheld_drug	6	14021242	-2004.4553	28448
cocaine	saline_in_training	saline_control	6	0.066448395	0.22860309	28448
cocaine	saline_in_training	seen_training_optimistic	21	0.055344902	0.57142857	28448
cocaine	center_only_exploratory	withheld_drug	6	0.63044536	0.79372137	27863
cocaine	center_only_exploratory	saline_control	6	0.59738808	0.77267774	27863
cocaine	center_only_exploratory	seen_training_optimistic	15	0.13920332	0.8	27863
ketamine	primary	withheld_drug	6	15537688	2001.2196	27816
ketamine	primary	saline_control	6	6935.2572	8.6381477	27816
ketamine	primary	seen_training_optimistic	15	0.058984774	0.6	27816
ketamine	weaker_penalty	withheld_drug	6	33566357	2941.0899	27816
ketamine	weaker_penalty	saline_control	6	27831.223	4.2829397	27816
ketamine	weaker_penalty	seen_training_optimistic	15	0.0024421441	0.6	27816
ketamine	stronger_penalty	withheld_drug	6	998030.26	507.6747	27816
ketamine	stronger_penalty	saline_control	6	246.97135	3.496122	27816
ketamine	stronger_penalty	seen_training_optimistic	15	0.18951358	0.6	27816
ketamine	time_residual	withheld_drug	6	13457351	1862.4999	27816
ketamine	time_residual	saline_control	6	7153.8223	8.3428121	27816
ketamine	time_residual	seen_training_optimistic	15	0.060601097	0.6	27816
ketamine	pc1_removed	withheld_drug	6	7795504.9	1417.6742	27816
ketamine	pc1_removed	saline_control	6	5716.5975	3.9805972	27816
ketamine	pc1_removed	seen_training_optimistic	15	0.07100122	0.6	27816
ketamine	composition_residual	withheld_drug	6	4665686.7	1096.9207	27798
ketamine	composition_residual	saline_control	6	4413.1105	4.8678997	27798
ketamine	composition_residual	seen_training_optimistic	15	0.12304094	0.6	27798
ketamine	saline_in_training	withheld_drug	6	1.1485876e+08	5439.8269	28418
ketamine	saline_in_training	saline_control	6	0.050382266	0.18547194	28418
ketamine	saline_in_training	seen_training_optimistic	21	0.068180479	0.42857143	28418
ketamine	center_only_exploratory	withheld_drug	6	0.26050482	0.60390924	27816
ketamine	center_only_exploratory	saline_control	6	0.31688582	0.5567839	27816
ketamine	center_only_exploratory	seen_training_optimistic	15	0.19995986	0.6	27816
LSD	primary	withheld_drug	6	31966446	-2136.0157	27673
LSD	primary	saline_control	6	1768.7194	-20.894066	27673
LSD	primary	seen_training_optimistic	15	0.055722452	0.4	27673
LSD	weaker_penalty	withheld_drug	6	43105220	-2328.777	27673
LSD	weaker_penalty	saline_control	6	9778.3699	-47.534464	27673
LSD	weaker_penalty	seen_training_optimistic	15	0.0022650949	0.4	27673
LSD	stronger_penalty	withheld_drug	6	2077729.2	-557.56864	27673
LSD	stronger_penalty	saline_control	6	34.523432	-2.83306	27673
LSD	stronger_penalty	seen_training_optimistic	15	0.18772518	0.4	27673
LSD	time_residual	withheld_drug	6	4314659.1	-723.40053	27673
LSD	time_residual	saline_control	6	3701.9824	-25.007467	27673
LSD	time_residual	seen_training_optimistic	15	0.14413147	0.4	27673
LSD	pc1_removed	withheld_drug	6	24202677	-1834.5418	27673
LSD	pc1_removed	saline_control	6	1728.508	-20.515537	27673
LSD	pc1_removed	seen_training_optimistic	15	0.062806681	0.4	27673
LSD	composition_residual	withheld_drug	6	9111777.2	-987.22888	27655
LSD	composition_residual	saline_control	6	631.29721	-10.830818	27655
LSD	composition_residual	seen_training_optimistic	15	0.13149711	0.4	27655
LSD	saline_in_training	withheld_drug	6	26108876	-1816.7411	28369
LSD	saline_in_training	saline_control	6	0.01299976	0.094015243	28369
LSD	saline_in_training	seen_training_optimistic	21	0.049066955	0.28571429	28369
LSD	center_only_exploratory	withheld_drug	6	0.36674787	0.39478318	27673
LSD	center_only_exploratory	saline_control	6	0.12613765	0.35342862	27673
LSD	center_only_exploratory	seen_training_optimistic	15	0.19783236	0.4	27673
MDMA	primary	withheld_drug	3	3698.0016	35.804023	28169
MDMA	primary	saline_control	6	9930.1943	13.694386	28169
MDMA	primary	seen_training_optimistic	18	0.060150975	0.5	28169
MDMA	weaker_penalty	withheld_drug	3	12408.557	65.018061	28169
MDMA	weaker_penalty	saline_control	6	34264.236	15.660445	28169
MDMA	weaker_penalty	seen_training_optimistic	18	0.002361546	0.5	28169
MDMA	stronger_penalty	withheld_drug	3	133.75028	7.3482383	28169
MDMA	stronger_penalty	saline_control	6	407.37805	4.5022237	28169
MDMA	stronger_penalty	seen_training_optimistic	18	0.19625043	0.5	28169
MDMA	time_residual	withheld_drug	3	2490.2448	29.430337	28169
MDMA	time_residual	saline_control	6	8898.7973	1.2164746	28169
MDMA	time_residual	seen_training_optimistic	18	0.080292837	0.5	28169
MDMA	pc1_removed	withheld_drug	3	3765.4179	36.112055	28169
MDMA	pc1_removed	saline_control	6	6305.9651	4.8648535	28169
MDMA	pc1_removed	seen_training_optimistic	18	0.10044695	0.5	28169
MDMA	composition_residual	withheld_drug	3	1339.7445	21.733448	28151
MDMA	composition_residual	saline_control	6	3530.7399	7.1216666	28151
MDMA	composition_residual	seen_training_optimistic	18	0.13622573	0.5	28151
MDMA	saline_in_training	withheld_drug	3	9557.4282	57.113118	28670
MDMA	saline_in_training	saline_control	6	0.03499475	0.14114419	28670
MDMA	saline_in_training	seen_training_optimistic	24	0.065453831	0.375	28670
MDMA	center_only_exploratory	withheld_drug	3	0.24103096	0.50944562	28169
MDMA	center_only_exploratory	saline_control	6	0.20634668	0.44639647	28169
MDMA	center_only_exploratory	seen_training_optimistic	18	0.21424236	0.5	28169
