panel	genes_present	mean_primary_abs_rank	summed_abs_coefficient	drug	day	state	drug_score	saline_score	drug_minus_saline
neuronal_proxy	Rbfox3;Snap25;Syt1	13853.333	6.2852361e-05	cocaine	2	0	-0.049066112	-0.36580782	0.31674171
neuronal_proxy	Rbfox3;Snap25;Syt1	13853.333	6.2852361e-05	cocaine	14	0	0.24059814	-0.53040635	0.77100449
astrocyte_proxy	Slc1a3;Aqp4;Aldh1l1	10922	7.7344635e-05	cocaine	2	0	0.054717449	0.082598568	-0.027881119
astrocyte_proxy	Slc1a3;Aqp4;Aldh1l1	10922	7.7344635e-05	cocaine	14	0	0.56713196	0.14698977	0.42014219
oligodendrocyte_proxy	Plp1;Mbp;Mog	4290.3333	0.00011767395	cocaine	2	0	-0.083189931	-0.0051635192	-0.078026412
oligodendrocyte_proxy	Plp1;Mbp;Mog	4290.3333	0.00011767395	cocaine	14	0	1.1744584	3.6367621	-2.4623038
microglia_proxy	Aif1;P2ry12;C1qa	18701.667	3.7891502e-05	cocaine	2	0	0.17326775	-0.18147649	0.35474424
microglia_proxy	Aif1;P2ry12;C1qa	18701.667	3.7891502e-05	cocaine	14	0	1.3675134	3.3942414	-2.0267281
endothelial_proxy	Pecam1;Cldn5;Kdr	14911.333	6.7368607e-05	cocaine	2	0	-0.043004523	-0.64193391	0.59892938
endothelial_proxy	Pecam1;Cldn5;Kdr	14911.333	6.7368607e-05	cocaine	14	0	-1.1235835	-3.0325758	1.9089924
mural_proxy	Pdgfrb;Rgs5;Cspg4	11442	7.3608085e-05	cocaine	2	0	0.01325486	-0.21200108	0.22525594
mural_proxy	Pdgfrb;Rgs5;Cspg4	11442	7.3608085e-05	cocaine	14	0	-2.396026	-4.4190948	2.0230688
published_ECM_examples	Adgre5;Trpv4;Sema3g;Fn1;Mmp16;Tinagl1;Robo4;Nostrin;Cxcr4	1539.8889	0.00050501708	cocaine	2	0	-1.0177971	-0.8091652	-0.20863192
published_ECM_examples	Adgre5;Trpv4;Sema3g;Fn1;Mmp16;Tinagl1;Robo4;Nostrin;Cxcr4	1539.8889	0.00050501708	cocaine	14	0	-1.5364098	-2.1005537	0.56414394
published_IEG_examples	Fos;Arc;Dusp1;Junb	3448.25	0.00017356285	cocaine	2	0	0.53910292	0.79984837	-0.26074545
published_IEG_examples	Fos;Arc;Dusp1;Junb	3448.25	0.00017356285	cocaine	14	0	1.6689201	1.4652728	0.20364724
neuronal_proxy	Rbfox3;Snap25;Syt1	25514	1.1878257e-05	ketamine	2	1	-0.045147337	-0.40030754	0.3551602
neuronal_proxy	Rbfox3;Snap25;Syt1	25514	1.1878257e-05	ketamine	14	0	0.074579062	-0.66389304	0.7384721
neuronal_proxy	Rbfox3;Snap25;Syt1	25514	1.1878257e-05	ketamine	2-minus-14	open-minus-closed	-0.1197264	0.2635855	-0.3833119
astrocyte_proxy	Slc1a3;Aqp4;Aldh1l1	16364	6.0301293e-05	ketamine	2	1	-0.030571288	0.061829708	-0.092400997
astrocyte_proxy	Slc1a3;Aqp4;Aldh1l1	16364	6.0301293e-05	ketamine	14	0	0.51266993	0.13286751	0.37980241
astrocyte_proxy	Slc1a3;Aqp4;Aldh1l1	16364	6.0301293e-05	ketamine	2-minus-14	open-minus-closed	-0.54324122	-0.071037806	-0.47220341
oligodendrocyte_proxy	Plp1;Mbp;Mog	6732.3333	0.00012321312	ketamine	2	1	0.12070197	0.0020095341	0.11869244
oligodendrocyte_proxy	Plp1;Mbp;Mog	6732.3333	0.00012321312	ketamine	14	0	0.71239714	3.1367021	-2.424305
oligodendrocyte_proxy	Plp1;Mbp;Mog	6732.3333	0.00012321312	ketamine	2-minus-14	open-minus-closed	-0.59169517	-3.1346926	2.5429974
microglia_proxy	Aif1;P2ry12;C1qa	16296	6.1516545e-05	ketamine	2	1	-0.57172985	-0.36277827	-0.20895158
microglia_proxy	Aif1;P2ry12;C1qa	16296	6.1516545e-05	ketamine	14	0	-0.12639381	2.4693498	-2.5957436
microglia_proxy	Aif1;P2ry12;C1qa	16296	6.1516545e-05	ketamine	2-minus-14	open-minus-closed	-0.44533604	-2.832128	2.386792
endothelial_proxy	Pecam1;Cldn5;Kdr	3155	0.0001706859	ketamine	2	1	-0.22028924	-0.26468652	0.044397281
endothelial_proxy	Pecam1;Cldn5;Kdr	3155	0.0001706859	ketamine	14	0	0.45257433	-1.800933	2.2535073
endothelial_proxy	Pecam1;Cldn5;Kdr	3155	0.0001706859	ketamine	2-minus-14	open-minus-closed	-0.67286357	1.5362464	-2.20911
mural_proxy	Pdgfrb;Rgs5;Cspg4	13208.667	7.8658272e-05	ketamine	2	1	0.3584004	0.1320954	0.226305
mural_proxy	Pdgfrb;Rgs5;Cspg4	13208.667	7.8658272e-05	ketamine	14	0	0.071708111	-2.471765	2.5434731
mural_proxy	Pdgfrb;Rgs5;Cspg4	13208.667	7.8658272e-05	ketamine	2-minus-14	open-minus-closed	0.28669229	2.6038604	-2.3171681
published_ECM_examples	Adgre5;Trpv4;Sema3g;Fn1;Mmp16;Tinagl1;Robo4;Nostrin;Cxcr4	812.77778	0.00077490854	ketamine	2	1	0.16673756	-0.25520657	0.42194413
published_ECM_examples	Adgre5;Trpv4;Sema3g;Fn1;Mmp16;Tinagl1;Robo4;Nostrin;Cxcr4	812.77778	0.00077490854	ketamine	14	0	-0.11624977	-1.1321836	1.0159338
published_ECM_examples	Adgre5;Trpv4;Sema3g;Fn1;Mmp16;Tinagl1;Robo4;Nostrin;Cxcr4	812.77778	0.00077490854	ketamine	2-minus-14	open-minus-closed	0.28298733	0.87697701	-0.59398968
published_IEG_examples	Fos;Arc;Dusp1;Junb	1079.25	0.00026999336	ketamine	2	1	-1.594354	0.37655603	-1.9709101
published_IEG_examples	Fos;Arc;Dusp1;Junb	1079.25	0.00026999336	ketamine	14	0	0.48218262	1.0949055	-0.61272283
published_IEG_examples	Fos;Arc;Dusp1;Junb	1079.25	0.00026999336	ketamine	2-minus-14	open-minus-closed	-2.0765366	-0.71834942	-1.3581872
neuronal_proxy	Rbfox3;Snap25;Syt1	14111.333	7.5342038e-05	LSD	2	1	-0.45640709	-0.3136696	-0.14273748
neuronal_proxy	Rbfox3;Snap25;Syt1	14111.333	7.5342038e-05	LSD	14	1	0.55576488	-0.55883278	1.1145977
astrocyte_proxy	Slc1a3;Aqp4;Aldh1l1	14889.333	7.9776521e-05	LSD	2	1	-0.54736317	-0.097026222	-0.45033695
astrocyte_proxy	Slc1a3;Aqp4;Aldh1l1	14889.333	7.9776521e-05	LSD	14	1	0.022957116	-0.050484831	0.073441947
oligodendrocyte_proxy	Plp1;Mbp;Mog	5962.6667	0.0001275853	LSD	2	1	-0.58561782	-0.28188306	-0.30373476
oligodendrocyte_proxy	Plp1;Mbp;Mog	5962.6667	0.0001275853	LSD	14	1	-0.4233158	2.91207	-3.3353858
microglia_proxy	Aif1;P2ry12;C1qa	12737.333	8.412445e-05	LSD	2	1	-0.3417715	-0.28701209	-0.05475941
microglia_proxy	Aif1;P2ry12;C1qa	12737.333	8.412445e-05	LSD	14	1	0.087250518	2.4533137	-2.3660632
endothelial_proxy	Pecam1;Cldn5;Kdr	11352	0.00014118115	LSD	2	1	-0.2013493	-0.23835252	0.037003214
endothelial_proxy	Pecam1;Cldn5;Kdr	11352	0.00014118115	LSD	14	1	0.59100198	-1.7439989	2.3350009
mural_proxy	Pdgfrb;Rgs5;Cspg4	18373	5.0563489e-05	LSD	2	1	0.083026171	0.17712395	-0.09409778
mural_proxy	Pdgfrb;Rgs5;Cspg4	18373	5.0563489e-05	LSD	14	1	0.64378121	-2.2560499	2.8998311
published_ECM_examples	Adgre5;Trpv4;Sema3g;Fn1;Mmp16;Tinagl1;Robo4;Nostrin;Cxcr4	720.22222	0.00065455232	LSD	2	1	0.20794135	-0.1615752	0.36951655
published_ECM_examples	Adgre5;Trpv4;Sema3g;Fn1;Mmp16;Tinagl1;Robo4;Nostrin;Cxcr4	720.22222	0.00065455232	LSD	14	1	0.77264505	-1.0594682	1.8321132
published_IEG_examples	Fos;Arc;Dusp1;Junb	333.75	0.00030784563	LSD	2	1	-0.50644518	0.32800633	-0.83445151
published_IEG_examples	Fos;Arc;Dusp1;Junb	333.75	0.00030784563	LSD	14	1	-0.24674189	0.91132329	-1.1580652
neuronal_proxy	Rbfox3;Snap25;Syt1	17932.333	5.9126552e-05	MDMA	2	1	-0.41181496	-0.45883208	0.047017118
astrocyte_proxy	Slc1a3;Aqp4;Aldh1l1	6873	0.00015133216	MDMA	2	1	-0.91133578	-0.1658009	-0.74553488
oligodendrocyte_proxy	Plp1;Mbp;Mog	3235.6667	0.00017054765	MDMA	2	1	-0.78835705	-0.26702848	-0.52132857
microglia_proxy	Aif1;P2ry12;C1qa	12186.333	9.674917e-05	MDMA	2	1	-1.0341895	-0.19033324	-0.84385628
endothelial_proxy	Pecam1;Cldn5;Kdr	11140.333	0.00014602548	MDMA	2	1	-0.10471356	-0.31976978	0.21505622
mural_proxy	Pdgfrb;Rgs5;Cspg4	17201	6.3466361e-05	MDMA	2	1	0.24973903	0.10970065	0.14003839
published_ECM_examples	Adgre5;Trpv4;Sema3g;Fn1;Mmp16;Tinagl1;Robo4;Nostrin;Cxcr4	470.77778	0.00081294481	MDMA	2	1	0.7005981	-0.23628822	0.93688632
published_IEG_examples	Fos;Arc;Dusp1;Junb	443.75	0.00034585209	MDMA	2	1	-0.28793814	0.42872629	-0.71666443
