withheld_drug	sample	contribution_rank	target_id	gene	log2_1p_TPM	train_mean	train_sd	standardized_expression	score_contribution
cocaine	16cocaine2	1	ENSMUSG00000113555.1	Gm10095	1.452898	4.2439539e-10	1.5879421e-09	9.1495649e+08	11478.121
cocaine	16cocaine2	2	ENSMUSG00000093996.1	Fam205a3	2.8626056e-06	2.6958329e-11	1.0086883e-10	28379.219	0.38611709
cocaine	16cocaine2	3	ENSMUSG00000094066.1	Fam205a2	2.8626056e-06	2.6958329e-11	1.0086883e-10	28379.219	0.38611709
cocaine	16cocaine2	4	ENSMUSG00000116935.1	Gpr31a	0.089385212	4.7662256e-05	0.00013099749	681.97911	0.010906207
cocaine	16cocaine2	5	ENSMUSG00000026336.13	Slco6d1	1.0114744	0.0067937557	0.015035696	66.819696	-0.001850686
cocaine	16cocaine2	6	ENSMUSG00000113713.1	Gm48240	0.25999927	0.0099234531	0.019995825	12.506401	-0.00071435633
cocaine	16cocaine2	7	ENSMUSG00000029188.14	Slc34a2	0.15061615	0.003000368	0.0061992324	23.811946	-0.00062946794
cocaine	16cocaine2	8	ENSMUSG00000082779.1	Gm13162	0.70158587	0.016822099	0.062942531	10.87919	-0.0006253236
cocaine	16cocaine2	9	ENSMUSG00000037130.4	H2-M10.6	0.07172778	0.0021398698	0.0080066595	8.6912539	-0.00051702909
cocaine	16cocaine2	10	ENSMUSG00000116651.1	Gm17844	0.13515958	0.00357975	0.013394198	9.8236435	-0.00051034882
cocaine	17cocaine2	1	ENSMUSG00000082496.3	Gm6798	0.23439696	9.8740549e-10	3.6945331e-09	63444272	-3295.998
cocaine	17cocaine2	2	ENSMUSG00000102606.1	Rpl21-ps1	0.26810917	3.2141931e-05	7.46901e-05	3589.1909	-0.17751623
cocaine	17cocaine2	3	ENSMUSG00000116935.1	Gpr31a	0.053065169	4.7662256e-05	0.00013099749	404.72156	0.0064723057
cocaine	17cocaine2	4	ENSMUSG00000006529.16	Itih1	0.3824095	0.0020387912	0.0052289091	72.743798	-0.0020060316
cocaine	17cocaine2	5	ENSMUSG00000100445.1	Gm29550	0.62902446	0.0070982306	0.026559147	23.416649	-0.0013459626
cocaine	17cocaine2	6	ENSMUSG00000095874.2	Gm9630	0.22049168	0.0036287447	0.013577519	15.972206	-0.00091806437
cocaine	17cocaine2	7	ENSMUSG00000100516.1	Gm29332	1.2433687	0.025272669	0.094561667	12.881499	-0.00076630022
cocaine	17cocaine2	8	ENSMUSG00000084004.1	Gm12047	0.15645694	0.0033188798	0.012418111	12.331832	-0.00073360137
cocaine	17cocaine2	9	ENSMUSG00000116861.1	Gm8253	0.40914955	0.0092561761	0.03463344	11.546453	-0.0006868804
cocaine	17cocaine2	10	ENSMUSG00000106925.1	Gm20072	0.88887788	0.021544936	0.08061377	10.759117	-0.00055894764
cocaine	18cocaine2	1	ENSMUSG00000083411.3	Rpl30-ps10	2.2601714	2.4687452e-07	9.2371989e-07	2446814.5	30.695265
cocaine	18cocaine2	2	ENSMUSG00000071562.6	Stfa1	0.11429703	8.4749919e-08	3.1710516e-07	360438.61	3.0231339
cocaine	18cocaine2	3	ENSMUSG00000073878.3	Gm13304	2.0422094	0.0002239002	0.00082252539	2482.5805	0.03229791
cocaine	18cocaine2	4	ENSMUSG00000116935.1	Gpr31a	0.066440163	4.7662256e-05	0.00013099749	506.8227	0.0081051068
cocaine	18cocaine2	5	ENSMUSG00000082615.1	Gm13239	0.2116	0.0035055758	0.013116664	15.864889	-0.00082419802
cocaine	18cocaine2	6	ENSMUSG00000084004.1	Gm12047	0.13233255	0.0033188798	0.012418111	10.389154	-0.00061803453
cocaine	18cocaine2	7	ENSMUSG00000102447.1	Gm6621	0.1674765	0.0042330178	0.015838502	10.30675	-0.00061313242
cocaine	18cocaine2	8	ENSMUSG00000115487.1	Gm49148	0.4260775	0.022449427	0.057642912	7.0022152	-0.00056426766
cocaine	18cocaine2	9	ENSMUSG00000108629.1	Gm44720	0.75081546	0.021538486	0.080589636	9.049265	-0.00052014155
cocaine	18cocaine2	10	ENSMUSG00000083145.1	Gm12579	0.33074367	0.020422331	0.041780907	7.4273481	-0.00051696594
cocaine	4cocaine14	1	ENSMUSG00000113555.1	Gm10095	0.0014465487	4.2439539e-10	1.5879421e-09	910957.8	11.427957
cocaine	4cocaine14	2	ENSMUSG00000078972.1	Gm15557	0.22197245	0.0004545272	0.0017006851	130.25217	-0.0074867481
cocaine	4cocaine14	3	ENSMUSG00000079378.8	Gm8279	0.060495304	0.00012359984	0.00046199798	130.67525	0.0021905358
cocaine	4cocaine14	4	ENSMUSG00000036596.6	Cpz	0.70489565	0.01969742	0.026457282	25.898285	0.0010016905
cocaine	4cocaine14	5	ENSMUSG00000100886.1	Gm7195	0.078888756	0.0017187974	0.006431151	11.999401	-0.00068971203
cocaine	4cocaine14	6	ENSMUSG00000110825.1	Gm8959	0.58019084	0.026323816	0.055360688	10.004699	-0.00068472783
cocaine	4cocaine14	7	ENSMUSG00000103286.1	Gm5850	0.33629322	0.02574238	0.018732281	16.578378	-0.00061453302
cocaine	4cocaine14	8	ENSMUSG00000096265.2	4930467E23Rik	0.55002326	0.028695667	0.058315077	8.9398424	-0.00053290873
cocaine	4cocaine14	9	ENSMUSG00000030470.15	Csrp3	0.11225215	0.0015101322	0.0056503971	19.598979	0.0005091503
cocaine	4cocaine14	10	ENSMUSG00000114152.1	Gm5374	0.23292852	0.0066518422	0.024888915	9.0914643	-0.00047231132
cocaine	5cocaine14	1	ENSMUSG00000113555.1	Gm10095	2.9414018	4.2439539e-10	1.5879421e-09	1.8523356e+09	23237.533
cocaine	5cocaine14	2	ENSMUSG00000103981.1	Gm37449	0.45341496	3.4382155e-06	1.2864625e-05	35244.831	0.26994706
cocaine	5cocaine14	3	ENSMUSG00000073878.3	Gm13304	2.9817681	0.0002239002	0.00082252539	3624.8658	0.04715883
cocaine	5cocaine14	4	ENSMUSG00000084048.1	Gm12042	0.88820185	0.016541678	0.06189329	14.083274	-0.00083779194
cocaine	5cocaine14	5	ENSMUSG00000024088.4	4930583I09Rik	0.25866331	0.0054787495	0.020499603	12.350706	-0.00073472414
cocaine	5cocaine14	6	ENSMUSG00000080917.2	Gm15925	0.10221032	0.0049977064	0.013064915	7.4407383	-0.00060187719
cocaine	5cocaine14	7	ENSMUSG00000108534.2	Olfr1360	0.15329768	0.0015592196	0.0058340656	26.009042	0.00059512694
cocaine	5cocaine14	8	ENSMUSG00000021456.8	Fbp2	0.52419081	0.016961114	0.031035007	16.343792	-0.00056477041
cocaine	5cocaine14	9	ENSMUSG00000111615.1	Gm47741	1.3383531	0.033872239	0.12673831	10.292711	-0.00053471739
cocaine	5cocaine14	10	ENSMUSG00000023995.12	Tspo2	0.1823858	0.017355563	0.018076189	9.1297026	0.00051556294
cocaine	6cocaine14	1	ENSMUSG00000102606.1	Rpl21-ps1	0.15609432	3.2141931e-05	7.46901e-05	2089.4628	-0.10334183
cocaine	6cocaine14	2	ENSMUSG00000073878.3	Gm13304	1.8061661	0.0002239002	0.00082252539	2195.6066	0.028564433
cocaine	6cocaine14	3	ENSMUSG00000084383.1	Gm13370	2.1605575	0.011569031	0.0079655433	269.78555	-0.013467284
cocaine	6cocaine14	4	ENSMUSG00000068397.4	Gm10240	2.1605575	0.011569031	0.0079655433	269.78555	-0.013467284
cocaine	6cocaine14	5	ENSMUSG00000090578.1	Gm8323	7.5701936e-05	4.4231322e-07	1.6333499e-06	46.076854	-0.0023899249
cocaine	6cocaine14	6	ENSMUSG00000096614.1	Gm2871	2.2408081e-06	1.5272247e-08	5.6641228e-08	39.2918	-0.002039111
cocaine	6cocaine14	7	ENSMUSG00000082861.3	Gm11362	0.24722318	0.0038259403	0.014315358	17.002526	-0.00097728604
cocaine	6cocaine14	8	ENSMUSG00000102962.1	Gm37944	0.59405126	0.0098865729	0.036992168	15.791577	-0.00093941622
cocaine	6cocaine14	9	ENSMUSG00000091325.2	Gm3760	0.26218537	0.0045395708	0.016985519	15.168557	-0.00090235369
cocaine	6cocaine14	10	ENSMUSG00000041505.15	Gm3402	0.3918775	0.0075690014	0.01717796	22.372186	-0.00084599724
cocaine	13saline2	1	ENSMUSG00000113555.1	Gm10095	3.0618025e-06	4.2439539e-10	1.5879421e-09	1927.8902	0.024185365
cocaine	13saline2	2	ENSMUSG00000094777.2	Hist1h2ap	0.18462003	7.8854634e-05	0.00018672009	988.33055	0.015970677
cocaine	13saline2	3	ENSMUSG00000078972.1	Gm15557	0.072188469	0.0004545272	0.0017006851	42.179439	-0.0024244266
cocaine	13saline2	4	ENSMUSG00000005232.11	G6pc2	0.14300755	0.0016737843	0.0062627272	22.567447	-0.0012971514
cocaine	13saline2	5	ENSMUSG00000047980.6	9230110F15Rik	0.19184202	0.0026769509	0.010016233	18.885849	-0.0011234896
cocaine	13saline2	6	ENSMUSG00000084004.1	Gm12047	0.1796927	0.0033188798	0.012418111	14.20295	-0.00084491129
cocaine	13saline2	7	ENSMUSG00000033156.9	Cst10	0.30213181	0.011580783	0.029525636	9.8406356	-0.00080446755
cocaine	13saline2	8	ENSMUSG00000101963.2	1700001J11Rik	0.2308873	0.0052248797	0.01130498	19.961329	-0.00075079204
cocaine	13saline2	9	ENSMUSG00000107464.1	Gm44150	0.020208729	0.00038773891	0.0014507862	13.662241	-0.00070976808
cocaine	13saline2	10	ENSMUSG00000026983.10	Il1f5	0.13641411	0.0033752808	0.012629144	10.534271	-0.000605498
cocaine	14saline2	1	ENSMUSG00000094103.2	1700047I17Rik2	0.00011989172	1.8621822e-10	6.0641749e-10	197704.61	-9.5895776
cocaine	14saline2	2	ENSMUSG00000079378.8	Gm8279	0.11128838	0.00012359984	0.00046199798	240.61747	0.0040335193
cocaine	14saline2	3	ENSMUSG00000078972.1	Gm15557	0.070946087	0.0004545272	0.0017006851	41.44892	-0.0023824372
cocaine	14saline2	4	ENSMUSG00000084193.1	Gm6823	0.10269509	0.0015978344	0.005978549	16.909999	-0.00097196769
cocaine	14saline2	5	ENSMUSG00000005232.11	G6pc2	0.081378988	0.0016737843	0.0062627272	12.726916	-0.00073152879
cocaine	14saline2	6	ENSMUSG00000055170.4	Ifng	0.35804756	0.0024799202	0.0092790116	38.31956	0.00064309996
cocaine	14saline2	7	ENSMUSG00000096530.7	Gm11758	1.6315755e-07	9.3883053e-10	3.5127822e-09	46.179555	0.00057932209
cocaine	14saline2	8	ENSMUSG00000096750.7	Gm11757	4.6757046e-07	2.9440539e-09	1.1015641e-08	42.178791	0.00052913254
cocaine	14saline2	9	ENSMUSG00000096333.7	Gm13871	4.6757046e-07	2.9440539e-09	1.1015641e-08	42.178791	0.00052913254
cocaine	14saline2	10	ENSMUSG00000114799.1	Gm47978	1.3574411	0.034961339	0.13081335	10.109669	-0.00052520816
cocaine	15saline2	1	ENSMUSG00000101177.6	Gm29586	0.074795535	1.1474222e-08	3.162885e-08	2364788	44.831752
cocaine	15saline2	2	ENSMUSG00000101374.6	Gm28844	0.074795535	1.1474222e-08	3.162885e-08	2364788	44.831752
cocaine	15saline2	3	ENSMUSG00000079378.8	Gm8279	0.28667348	0.00012359984	0.00046199798	620.24054	0.010397218
cocaine	15saline2	4	ENSMUSG00000083161.2	Gm11427	1.5909004	0.34143801	0.12647942	9.8787805	-0.00060332713
cocaine	15saline2	5	ENSMUSG00000081831.1	Gm7405	0.076912263	0.0022270705	0.0083329348	8.9626517	-0.00053317412
cocaine	15saline2	6	ENSMUSG00000094155.1	Btbd35f8	0.034304078	0.0010156165	0.0037298859	8.9247934	-0.00051169617
cocaine	15saline2	7	ENSMUSG00000054630.7	Ugt2b5	0.053636335	0.0015672639	0.0058641644	8.879197	-0.00051036623
cocaine	15saline2	8	ENSMUSG00000052334.11	1700024B05Rik	0.12572128	0.0038156541	0.01427687	8.5386798	-0.0005079527
cocaine	15saline2	9	ENSMUSG00000005232.11	G6pc2	0.052600783	0.0016737843	0.0062627272	8.1317606	-0.00046740443
cocaine	15saline2	10	ENSMUSG00000040808.4	S100g	0.38197653	0.035095984	0.07856002	4.4154845	-0.00040534627
cocaine	1saline14	1	ENSMUSG00000094066.1	Fam205a2	0.90197723	2.6958329e-11	1.0086883e-10	8.9420808e+09	121662.62
cocaine	1saline14	2	ENSMUSG00000093996.1	Fam205a3	0.90197723	2.6958329e-11	1.0086883e-10	8.9420808e+09	121662.62
cocaine	1saline14	3	ENSMUSG00000113555.1	Gm10095	6.8468307e-05	4.2439539e-10	1.5879421e-09	43117.366	0.54090696
cocaine	1saline14	4	ENSMUSG00000096828.1	Gm3618	0.14298178	1.2923518e-06	4.8355375e-06	29568.685	0.49623796
cocaine	1saline14	5	ENSMUSG00000098179.1	Gm8709	0.059138857	3.7154433e-07	1.3901916e-06	42539.81	0.32582073
cocaine	1saline14	6	ENSMUSG00000102606.1	Rpl21-ps1	0.15849525	3.2141931e-05	7.46901e-05	2121.6079	-0.10493168
cocaine	1saline14	7	ENSMUSG00000073878.3	Gm13304	2.666573	0.0002239002	0.00082252539	3241.6618	0.042173416
cocaine	1saline14	8	ENSMUSG00000110186.1	Gm7789	0.13203184	7.8944341e-06	2.9538268e-05	4469.5899	0.041412112
cocaine	1saline14	9	ENSMUSG00000075014.1	Gm10800	1.3880903	0.0052152558	0.0195137	70.866881	-0.0040733484
cocaine	1saline14	10	ENSMUSG00000096366.1	Gm13240	0.69317612	0.0090563444	0.025139405	27.213046	-0.0014266686
cocaine	2saline14	1	ENSMUSG00000071562.6	Stfa1	0.10342812	8.4749919e-08	3.1710516e-07	326163.2	2.7356532
cocaine	2saline14	2	ENSMUSG00000098179.1	Gm8709	0.11092747	3.7154433e-07	1.3901916e-06	79792.674	0.61114771
cocaine	2saline14	3	ENSMUSG00000102606.1	Rpl21-ps1	0.29047914	3.2141931e-05	7.46901e-05	3888.6947	-0.19232926
cocaine	2saline14	4	ENSMUSG00000073878.3	Gm13304	4.2897283	0.0002239002	0.00082252539	5215.0419	0.067846724
cocaine	2saline14	5	ENSMUSG00000080792.1	Gm14367	0.071737151	1.0088882e-05	3.7749139e-05	1900.098	0.016281535
cocaine	2saline14	6	ENSMUSG00000113555.1	Gm10095	4.2920892e-07	4.2439539e-10	1.5879421e-09	270.02529	0.0033874647
cocaine	2saline14	7	ENSMUSG00000061808.4	Ttr	4.8390588	0.31932606	0.13722659	32.936276	0.00095752202
cocaine	2saline14	8	ENSMUSG00000024130.16	Abca3	4.76047	5.6517727	0.067795766	-13.146879	-0.00087864709
cocaine	2saline14	9	ENSMUSG00000084902.2	Gm281	0.13454077	0.002845228	0.0077170613	17.065504	-0.00077444029
cocaine	2saline14	10	ENSMUSG00000117202.1	AC169506.3	1.1573995	0.024067789	0.090053422	12.585104	-0.00074866816
cocaine	3saline14	1	ENSMUSG00000083411.3	Rpl30-ps10	1.5120837	2.4687452e-07	9.2371989e-07	1636950.3	20.535526
cocaine	3saline14	2	ENSMUSG00000096828.1	Gm3618	0.059937015	1.2923518e-06	4.8355375e-06	12394.842	0.20801706
cocaine	3saline14	3	ENSMUSG00000094777.2	Hist1h2ap	1.1673811	7.8854634e-05	0.00018672009	6251.6154	0.1010214
cocaine	3saline14	4	ENSMUSG00000082414.1	Gm13303	0.16914381	0.00094281505	0.0020202864	83.256016	0.0020041764
cocaine	3saline14	5	ENSMUSG00000095079.6	Igha	0.20570279	0.004693232	0.013720106	14.650729	-0.00099892138
cocaine	3saline14	6	ENSMUSG00000070834.5	Gm13015	2.3265877	0.076542921	0.19702913	11.419858	-0.00091682097
cocaine	3saline14	7	ENSMUSG00000103286.1	Gm5850	0.43916555	0.02574238	0.018732281	22.070092	-0.00081810178
cocaine	3saline14	8	ENSMUSG00000024130.16	Abca3	4.8997997	5.6517727	0.067795766	-11.091739	-0.00074129566
cocaine	3saline14	9	ENSMUSG00000025774.14	Crisp4	0.14797602	0.0032535223	0.012173566	11.888259	-0.00070721392
cocaine	3saline14	10	ENSMUSG00000084004.1	Gm12047	0.15083909	0.0033188798	0.012418111	11.87944	-0.00070668931
ketamine	19ketamine2	1	ENSMUSG00000083596.4	Rpl21-ps15	2.4662886	0.00012869842	0.00048137719	5123.1341	-0.1470694
ketamine	19ketamine2	2	ENSMUSG00000090142.2	Gm15795	0.43824792	5.6378758e-05	0.00021095	2077.2294	0.054875211
ketamine	19ketamine2	3	ENSMUSG00000084120.1	Gm11624	0.21203474	0.0065819936	0.016780869	12.243272	-0.00092883374
ketamine	19ketamine2	4	ENSMUSG00000050685.5	Ccdc54	0.12687401	0.0024988283	0.0093497593	13.302501	-0.00076652557
ketamine	19ketamine2	5	ENSMUSG00000082241.4	Gng5-ps	1.1420245	0.016545823	0.054439748	20.673841	-0.00065233378
ketamine	19ketamine2	6	ENSMUSG00000054200.7	Ffar4	0.22477063	0.017196617	0.031164517	6.6605884	-0.00050259859
ketamine	19ketamine2	7	ENSMUSG00000084301.1	Gm7856	0.14480995	0.004693705	0.012057475	11.620695	0.00048232312
ketamine	19ketamine2	8	ENSMUSG00000113862.1	Gm7537	0.078083169	0.0023285942	0.0087128015	8.6946287	-0.00046538868
ketamine	19ketamine2	9	ENSMUSG00000082433.2	Gm9025	0.15359148	0.005738657	0.013373518	11.055641	0.00046394311
ketamine	19ketamine2	10	ENSMUSG00000096429.1	Vmn2r-ps131	0.1093119	0.0032765206	0.012259618	8.6491592	-0.00046295488
ketamine	20ketamine2	1	ENSMUSG00000096915.1	Btbd35f6	0.037324977	7.4909879e-06	2.802871e-05	1331.4022	0.024608887
ketamine	20ketamine2	2	ENSMUSG00000069044.6	Usp9y	0.062296331	0.00036285909	0.0013576944	45.616651	-0.0026285531
ketamine	20ketamine2	3	ENSMUSG00000113437.1	Gm47412	0.29641124	0.0046233164	0.017298866	16.86746	-0.000971948
ketamine	20ketamine2	4	ENSMUSG00000062278.2	Gm11562	0.34139808	0.009749591	0.024999151	13.26639	-0.00085598037
ketamine	20ketamine2	5	ENSMUSG00000094708.1	Gm10359	0.0016049088	1.5032054e-05	5.6244795e-05	28.267091	0.00077324112
ketamine	20ketamine2	6	ENSMUSG00000095937.1	Gm12671	0.0016049088	1.5032054e-05	5.6244795e-05	28.267091	0.00077324112
ketamine	20ketamine2	7	ENSMUSG00000113134.1	Gm18795	0.053900091	0.0031650838	0.006358442	7.979157	-0.00068718448
ketamine	20ketamine2	8	ENSMUSG00000083723.1	Rpl23a-ps14	0.48418888	0.011906746	0.044550966	10.60094	-0.00061085445
ketamine	20ketamine2	9	ENSMUSG00000108340.1	Gm44520	0.1496423	0.0043812933	0.016393298	8.8609992	-0.0005105944
ketamine	20ketamine2	10	ENSMUSG00000117300.1	AC154457.3	0.28978136	0.0083520714	0.03125059	9.0055673	-0.00048203198
ketamine	21ketamine2	1	ENSMUSG00000079380.4	Gm8271	0.14775123	7.8850379e-11	2.950311e-10	5.0079882e+08	9256.4829
ketamine	21ketamine2	2	ENSMUSG00000090142.2	Gm15795	0.1180754	5.6378758e-05	0.00021095	559.46443	0.014779652
ketamine	21ketamine2	3	ENSMUSG00000029620.4	1700018F24Rik	0.095487835	0.00018608024	0.00052874306	180.24209	-0.0084105463
ketamine	21ketamine2	4	ENSMUSG00000110970.2	Olfr156	0.12992339	0.0051743664	0.013482193	9.2528729	-0.0006916222
ketamine	21ketamine2	5	ENSMUSG00000073420.10	Btnl5-ps	0.31280735	0.0044465821	0.016637587	18.533984	-0.00067829029
ketamine	21ketamine2	6	ENSMUSG00000067219.9	Nipal1	0.14580982	0.0082762041	0.010020619	13.725062	0.00062596305
ketamine	21ketamine2	7	ENSMUSG00000073008.11	Gpr174	0.44446406	0.12589019	0.033215838	9.5910232	0.000603636
ketamine	21ketamine2	8	ENSMUSG00000098140.1	Gm26938	0.32513332	0.010334471	0.026521033	11.869781	-0.00058336447
ketamine	21ketamine2	9	ENSMUSG00000092142.1	Gm6482	0.1446078	0.0012036603	0.0036459583	39.33236	-0.00056289173
ketamine	21ketamine2	10	ENSMUSG00000095585.1	CR974586.3	1.2962342	0.031810886	0.091513552	13.816788	-0.00056265353
ketamine	7ketamine14	1	ENSMUSG00000079380.4	Gm8271	0.043849787	7.8850379e-11	2.950311e-10	1.4862767e+08	2747.1501
ketamine	7ketamine14	2	ENSMUSG00000104224.1	Gm37693	6.4608471e-06	8.1103607e-08	3.0346191e-07	21.02321	-0.0010481381
ketamine	7ketamine14	3	ENSMUSG00000029586.9	Spdye4b	0.17334348	0.003442637	0.0087945929	19.318785	0.00084948442
ketamine	7ketamine14	4	ENSMUSG00000090462.7	1700091H14Rik	0.17397732	0.0031705251	0.011863018	14.398257	-0.00077068109
ketamine	7ketamine14	5	ENSMUSG00000084120.1	Gm11624	0.16986819	0.0065819936	0.016780869	9.7304969	-0.00073820248
ketamine	7ketamine14	6	ENSMUSG00000067613.6	Krt83	0.16842356	0.0061650783	0.016005286	10.137806	-0.00063322086
ketamine	7ketamine14	7	ENSMUSG00000099550.6	Gm28079	0.27484632	0.0055329742	0.011254774	23.92881	0.00050916147
ketamine	7ketamine14	8	ENSMUSG00000036083.15	Slc17a3	0.052186238	0.0014277338	0.0053420906	9.501618	-0.00050858359
ketamine	7ketamine14	9	ENSMUSG00000039200.16	Atf7ip2	0.10504028	0.0037909753	0.0097829569	10.349561	0.00045592952
ketamine	7ketamine14	10	ENSMUSG00000113431.1	Gm6722	0.67720666	0.096946874	0.12511317	4.6378793	-0.00045260663
ketamine	8ketamine14	1	ENSMUSG00000095558.1	Btbd35f9	0.01497055	1.5128608e-05	3.8572625e-05	387.72111	0.012795929
ketamine	8ketamine14	2	ENSMUSG00000096915.1	Btbd35f6	0.01497055	7.4909879e-06	2.802871e-05	533.84757	0.0098673374
ketamine	8ketamine14	3	ENSMUSG00000094155.1	Btbd35f8	0.01497055	7.4909879e-06	2.802871e-05	533.84757	0.0098673374
ketamine	8ketamine14	4	ENSMUSG00000095229.1	Btbd35f26	0.01497055	7.4909879e-06	2.802871e-05	533.84757	0.0098673374
ketamine	8ketamine14	5	ENSMUSG00000092374.1	Gm6623	0.44629636	0.014601449	0.037229342	11.595556	-0.00094527334
ketamine	8ketamine14	6	ENSMUSG00000104224.1	Gm37693	5.1233198e-06	8.1103607e-08	3.0346191e-07	16.615648	-0.00082839366
ketamine	8ketamine14	7	ENSMUSG00000113084.1	A030003K21Rik	0.11530419	0.004533373	0.0079818684	13.877805	-0.00080566648
ketamine	8ketamine14	8	ENSMUSG00000082241.4	Gng5-ps	1.3391893	0.016545823	0.054439748	24.295547	-0.00076661158
ketamine	8ketamine14	9	ENSMUSG00000083489.1	Gm11784	0.43740268	0.01763561	0.044965485	9.3353174	-0.00076102213
ketamine	8ketamine14	10	ENSMUSG00000092543.1	Skiv2l-ps1	0.2913421	0.011382456	0.029023315	9.6460258	-0.00075985733
ketamine	9ketamine14	1	ENSMUSG00000079342.11	Lipo1	0.024579922	0.00015545205	0.00053292193	45.831236	-0.0028506962
ketamine	9ketamine14	2	ENSMUSG00000062751.5	Prss1	1.2055794e-06	6.5553392e-09	1.5953693e-08	75.156518	-0.00099815901
ketamine	9ketamine14	3	ENSMUSG00000094103.2	1700047I17Rik2	2.4298605e-09	2.4227515e-11	9.0651059e-11	26.537285	0.00075406332
ketamine	9ketamine14	4	ENSMUSG00000048764.16	Tmprss11f	0.04415138	0.0009936429	0.0037178713	11.608185	-0.00062133968
ketamine	9ketamine14	5	ENSMUSG00000105603.1	Gm32996	0.18695257	0.0054796066	0.013977861	12.982885	0.00055432208
ketamine	9ketamine14	6	ENSMUSG00000112779.1	Gm18029	0.27220956	0.042761267	0.051924744	4.4188623	-0.00051159524
ketamine	9ketamine14	7	ENSMUSG00000030544.5	Mesp1	0.1319467	0.0074974166	0.015016441	8.2875353	-0.00050327627
ketamine	9ketamine14	8	ENSMUSG00000113862.1	Gm7537	0.079694331	0.0023285942	0.0087128015	8.8795477	-0.00047528665
ketamine	9ketamine14	9	ENSMUSG00000092524.3	Olfr756-ps1	0.12767865	0.0037684407	0.014100214	8.787825	-0.0004703771
ketamine	9ketamine14	10	ENSMUSG00000061520.4	Olfr153	0.13389016	0.0077530158	0.020887683	6.038829	-0.0004610591
ketamine	13saline2	1	ENSMUSG00000094777.2	Hist1h2ap	0.18462003	1.9326464e-05	4.4007166e-05	4194.7872	-0.042246602
ketamine	13saline2	2	ENSMUSG00000094155.1	Btbd35f8	0.036942395	7.4909879e-06	2.802871e-05	1317.7525	0.024356595
ketamine	13saline2	3	ENSMUSG00000107764.1	Gm5318	0.50583749	0.010938972	0.040929885	12.091373	-0.00069673716
ketamine	13saline2	4	ENSMUSG00000101963.2	1700001J11Rik	0.2308873	0.0048918346	0.014376972	15.719268	-0.00067899058
ketamine	13saline2	5	ENSMUSG00000061809.8	Tbpl2	0.27260532	0.0035526817	0.013292918	20.2403	0.00062689718
ketamine	13saline2	6	ENSMUSG00000005232.11	G6pc2	0.14300755	0.0036516991	0.013663407	10.199202	-0.00054592249
ketamine	13saline2	7	ENSMUSG00000029156.11	Sgcb	5.4540105	5.202222	0.047259843	5.3277484	0.00051481206
ketamine	13saline2	8	ENSMUSG00000048764.16	Tmprss11f	0.033390936	0.0009936429	0.0037178713	8.7139362	-0.00046642213
ketamine	13saline2	9	ENSMUSG00000116547.1	Gm7667	0.37627249	0.013094995	0.033468154	10.851435	0.0004629003
ketamine	13saline2	10	ENSMUSG00000083637.1	Gm14754	0.16663974	0.0050721071	0.018978087	8.5133783	-0.00045568707
ketamine	14saline2	1	ENSMUSG00000094103.2	1700047I17Rik2	0.00011989172	2.4227515e-11	9.0651059e-11	1322562.5	37.580932
ketamine	14saline2	2	ENSMUSG00000096530.7	Gm11758	1.6315755e-07	9.3883053e-10	3.5127822e-09	46.179555	0.0017821239
ketamine	14saline2	3	ENSMUSG00000096750.7	Gm11757	4.6757046e-07	2.9440539e-09	1.1015641e-08	42.178791	0.0016277297
ketamine	14saline2	4	ENSMUSG00000096333.7	Gm13871	4.6757046e-07	2.9440539e-09	1.1015641e-08	42.178791	0.0016277297
ketamine	14saline2	5	ENSMUSG00000079342.11	Lipo1	0.0094767696	0.00015545205	0.00053292193	17.490963	-0.0010879353
ketamine	14saline2	6	ENSMUSG00000090126.1	4930519F09Rik	0.34529463	0.0058178495	0.014836357	22.881411	0.00090400846
ketamine	14saline2	7	ENSMUSG00000067613.6	Krt83	0.22242659	0.0061650783	0.016005286	13.511881	-0.00084397007
ketamine	14saline2	8	ENSMUSG00000089909.1	Gm16164	0.48602903	0.0090811165	0.033978427	14.036786	-0.00075133299
ketamine	14saline2	9	ENSMUSG00000055170.4	Ifng	0.35804756	0.0024799202	0.0092790116	38.31956	0.00070827713
ketamine	14saline2	10	ENSMUSG00000109885.1	Gm6842	0.61809551	0.012108898	0.045307347	13.375019	-0.00066682808
ketamine	15saline2	1	ENSMUSG00000101177.6	Gm29586	0.074795535	1.1474222e-08	3.162885e-08	2364788	73.73553
ketamine	15saline2	2	ENSMUSG00000101374.6	Gm28844	0.074795535	1.1474222e-08	3.162885e-08	2364788	73.73553
ketamine	15saline2	3	ENSMUSG00000067528.3	Olfr1424	0.11423203	9.0226042e-06	3.3759494e-05	3383.4335	-0.18110166
ketamine	15saline2	4	ENSMUSG00000094155.1	Btbd35f8	0.034304078	7.4909879e-06	2.802871e-05	1223.6234	0.022616766
ketamine	15saline2	5	ENSMUSG00000113084.1	A030003K21Rik	0.12951681	0.004533373	0.0079818684	15.658419	-0.0009090388
ketamine	15saline2	6	ENSMUSG00000117873.1	AC109138.7	0.27171383	0.0049431566	0.018495598	14.423468	-0.00077203052
ketamine	15saline2	7	ENSMUSG00000081206.1	Gm11935	0.62324846	0.011496539	0.043016111	14.221461	-0.00076121787
ketamine	15saline2	8	ENSMUSG00000083161.2	Gm11427	1.5909004	0.3526052	0.13108756	9.4463212	-0.00072490168
ketamine	15saline2	9	ENSMUSG00000081290.1	Gm12520	0.68627308	0.016269135	0.060873528	11.006491	-0.00063422338
ketamine	15saline2	10	ENSMUSG00000096729.1	Gm13695	0.34167339	0.042601838	0.039669068	7.5391624	-0.00053647333
ketamine	1saline14	1	ENSMUSG00000093996.1	Fam205a3	0.90197723	1.9084038e-07	7.140593e-07	1263168.2	-67.612341
ketamine	1saline14	2	ENSMUSG00000094066.1	Fam205a2	0.90197723	1.9084038e-07	7.140593e-07	1263168.2	-67.612341
ketamine	1saline14	3	ENSMUSG00000096828.1	Gm3618	0.14298178	1.2923518e-06	4.8355375e-06	29568.685	0.54653089
ketamine	1saline14	4	ENSMUSG00000098179.1	Gm8709	0.059138857	7.0084073e-07	1.7905424e-06	33028.069	-0.2862952
ketamine	1saline14	5	ENSMUSG00000110186.1	Gm7789	0.13203184	7.8944341e-06	2.9538268e-05	4469.5899	0.11341999
ketamine	1saline14	6	ENSMUSG00000093978.1	Gm12612	0.00026049301	1.6005549e-06	5.988728e-06	43.229958	-0.002155283
ketamine	1saline14	7	ENSMUSG00000075014.1	Gm10800	1.3880903	0.0069868916	0.026142554	52.829705	-0.0019334147
ketamine	1saline14	8	ENSMUSG00000096366.1	Gm13240	0.69317612	0.0027127132	0.010150044	68.025659	0.0017262143
ketamine	1saline14	9	ENSMUSG00000079192.2	AC125149.1	1.7085113	0.0095680773	0.035800467	47.455895	-0.0013626256
ketamine	1saline14	10	ENSMUSG00000089659.2	Gm3470	2.0652018	0.016202978	0.060550452	33.839529	0.0013067441
ketamine	2saline14	1	ENSMUSG00000098179.1	Gm8709	0.11092747	7.0084073e-07	1.7905424e-06	61951.494	-0.53701036
ketamine	2saline14	2	ENSMUSG00000104224.1	Gm37693	7.6995881e-06	8.1103607e-08	3.0346191e-07	25.105241	-0.0012516528
ketamine	2saline14	3	ENSMUSG00000082241.4	Gng5-ps	1.7846472	0.016545823	0.054439748	32.478133	-0.0010248015
ketamine	2saline14	4	ENSMUSG00000049618.6	Olfr103	0.061468547	0.0010005231	0.0037436146	16.15231	-0.00080529339
ketamine	2saline14	5	ENSMUSG00000030544.5	Mesp1	0.20511253	0.0074974166	0.015016441	13.159917	-0.00079916085
ketamine	2saline14	6	ENSMUSG00000056829.4	Foxb2	0.10708169	0.0021472894	0.0080344211	13.060605	-0.00075258691
ketamine	2saline14	7	ENSMUSG00000058252.6	Tcp11x2	0.2249905	0.0022282342	0.0083372888	26.71879	0.00070584368
ketamine	2saline14	8	ENSMUSG00000097594.1	Gm2907	0.046851692	0.00046487637	0.0017394081	26.668161	0.00070450619
ketamine	2saline14	9	ENSMUSG00000084902.2	Gm281	0.13454077	0.00094187004	0.003524155	37.909484	0.00070069753
ketamine	2saline14	10	ENSMUSG00000081504.3	Gm12508	0.39813056	0.0085759491	0.032088263	12.140096	-0.00069954472
ketamine	3saline14	1	ENSMUSG00000094777.2	Hist1h2ap	1.1673811	1.9326464e-05	4.4007166e-05	26526.628	-0.26715536
ketamine	3saline14	2	ENSMUSG00000096828.1	Gm3618	0.059937015	1.2923518e-06	4.8355375e-06	12394.842	0.22909927
ketamine	3saline14	3	ENSMUSG00000096915.1	Btbd35f6	0.015466597	7.4909879e-06	2.802871e-05	551.5454	0.010194454
ketamine	3saline14	4	ENSMUSG00000094155.1	Btbd35f8	0.015466597	7.4909879e-06	2.802871e-05	551.5454	0.010194454
ketamine	3saline14	5	ENSMUSG00000082414.1	Gm13303	0.16914381	0.0013447585	0.0023633731	70.999815	0.0019278885
ketamine	3saline14	6	ENSMUSG00000031204.3	Asb12	0.54366066	0.011294249	0.018891015	28.180933	0.0018818681
ketamine	3saline14	7	ENSMUSG00000076937.3	Iglc2	0.3661475	0.0091586945	0.034268697	10.417344	-0.00060027514
ketamine	3saline14	8	ENSMUSG00000031162.14	Gata1	0.29054678	0.030003477	0.039287949	6.6316341	-0.00056218893
ketamine	3saline14	9	ENSMUSG00000082046.1	Gm14464	0.1097204	0.0026533998	0.0099281129	10.784225	-0.00053766086
ketamine	3saline14	10	ENSMUSG00000081002.1	Gm14240	0.37624548	0.014886646	0.037983889	9.5134764	-0.00053661338
LSD	22LSD2	1	ENSMUSG00000113232.1	Gm48494	0.45770533	9.3336938e-08	3.4923484e-07	1310594.4	-43.326577
LSD	22LSD2	2	ENSMUSG00000090900.1	Gm3326	0.10752189	0.00027783044	0.0010395463	103.16429	-0.0019460724
LSD	22LSD2	3	ENSMUSG00000118261.1	AC025794.2	1.1803102	0.044963704	0.096226245	11.79872	0.00091459946
LSD	22LSD2	4	ENSMUSG00000050818.7	Olfr330	0.14426249	0.00098329434	0.0036791505	38.943555	-0.00090426118
LSD	22LSD2	5	ENSMUSG00000064165.8	Krt39	0.1451214	0.0022097929	0.008268288	17.284304	-0.00071167007
LSD	22LSD2	6	ENSMUSG00000102706.1	Gm7417	0.52660712	0.0089751574	0.033581964	15.413987	-0.0006095114
LSD	22LSD2	7	ENSMUSG00000110610.1	Gm7769	0.17974734	0.0082735912	0.021105736	8.1245092	0.00053232555
LSD	22LSD2	8	ENSMUSG00000097795.1	Gm7678	0.28486991	0.012395336	0.024923946	10.93224	-0.0005237486
LSD	22LSD2	9	ENSMUSG00000114703.1	Gm47776	0.60097941	0.013016764	0.048704271	12.072096	0.00049636651
LSD	22LSD2	10	ENSMUSG00000101862.1	Gm8918	0.15133034	0.0033571737	0.012561394	11.779996	0.00049391887
LSD	23LSD2	1	ENSMUSG00000116963.1	Gm5966	0.045897502	4.2281851e-10	1.582042e-09	29011557	1300.2432
LSD	23LSD2	2	ENSMUSG00000092463.1	Gm20489	0.089348491	2.4669394e-06	9.2304419e-06	9679.4958	0.43381674
LSD	23LSD2	3	ENSMUSG00000090487.8	Gm2888	0.23014115	0.0018390329	0.0068810309	33.178475	-0.0013119681
LSD	23LSD2	4	ENSMUSG00000091487.1	Gm6586	0.37336802	0.013061929	0.033322893	10.81257	0.00070847765
LSD	23LSD2	5	ENSMUSG00000108262.1	Gm43867	0.47537837	0.0075596636	0.028285671	16.539071	-0.00068098556
LSD	23LSD2	6	ENSMUSG00000082850.1	Gm14299	0.67422	0.013247552	0.0495678	13.334714	0.00062999668
LSD	23LSD2	7	ENSMUSG00000020279.10	Il9r	0.42278453	0.04302888	0.018061856	21.025284	0.00058220532
LSD	23LSD2	8	ENSMUSG00000099801.1	Gm29011	0.38986116	0.048236714	0.04782499	7.1432204	-0.00047850981
LSD	23LSD2	9	ENSMUSG00000073901.4	Olfr703	0.14683558	0.0035386032	0.013240241	10.822838	0.00045378657
LSD	23LSD2	10	ENSMUSG00000045835.5	Hdgfl1	0.066000581	0.0018125095	0.0067817894	9.4647692	0.0004241931
LSD	24LSD2	1	ENSMUSG00000097202.1	Gm26701	0.67913847	3.4155466e-07	1.2779805e-06	531415.1	-16.407413
LSD	24LSD2	2	ENSMUSG00000090404.7	Gm8362	0.027251781	3.2153336e-05	0.00012030677	226.25184	-0.0062763698
LSD	24LSD2	3	ENSMUSG00000097886.2	Gsg1l2	0.32628445	0.0062128359	0.015904921	20.124062	-0.00085519805
LSD	24LSD2	4	ENSMUSG00000090900.1	Gm3326	0.043996363	0.00027783044	0.0010395463	42.055397	-0.00079332539
LSD	24LSD2	5	ENSMUSG00000116868.1	Gm29721	0.1366883	0.010352867	0.021821823	5.7894079	0.00045430336
LSD	24LSD2	6	ENSMUSG00000102851.1	Gm18956	0.6692789	0.016428114	0.061468374	10.620922	-0.0004373096
LSD	24LSD2	7	ENSMUSG00000093887.8	Gm3033	0.19846461	0.011424749	0.029689006	6.2999704	0.00041957164
LSD	24LSD2	8	ENSMUSG00000084303.1	Gm8216	0.38716609	0.0058290384	0.021810265	17.484293	-0.00040598161
LSD	24LSD2	9	ENSMUSG00000116625.1	Gm8134	0.084536588	0.0024296685	0.0090909869	9.0316838	0.00040478303
LSD	24LSD2	10	ENSMUSG00000112650.1	Gm5184	0.075173662	0.0020357626	0.007617126	9.6017709	0.00040258893
LSD	10LSD14	1	ENSMUSG00000113232.1	Gm48494	1.4099633	9.3336938e-08	3.4923484e-07	4037292.4	-133.46773
LSD	10LSD14	2	ENSMUSG00000094278.1	Gm12626	0.023770556	3.6988973e-05	0.00013840007	171.48523	-0.0047571093
LSD	10LSD14	3	ENSMUSG00000073901.4	Olfr703	0.20034979	0.0035386032	0.013240241	14.864623	0.00062325303
LSD	10LSD14	4	ENSMUSG00000104445.1	Rhbg	0.09389381	0.0016501388	0.0061742541	14.940051	-0.00059077066
LSD	10LSD14	5	ENSMUSG00000043354.2	Olfr577	0.054144532	0.00085577214	0.0032020062	16.642304	-0.00051383024
LSD	10LSD14	6	ENSMUSG00000026253.14	Chrng	0.073494515	0.0034987823	0.0070725813	9.8967731	-0.00049766258
LSD	10LSD14	7	ENSMUSG00000099253.1	Gm7863	0.24435639	0.013745727	0.027626638	8.3474024	-0.00047106673
LSD	10LSD14	8	ENSMUSG00000072905.5	Gm2016	0.07838691	0.0034386267	0.008773619	8.5424594	-0.00045365421
LSD	10LSD14	9	ENSMUSG00000032357.12	Tinag	0.08209854	0.0018699417	0.0069966813	11.466665	-0.00045342342
LSD	10LSD14	10	ENSMUSG00000114648.1	Gm19034	0.58954836	0.010825081	0.040503744	14.288143	-0.00044114564
LSD	11LSD14	1	ENSMUSG00000113232.1	Gm48494	1.1887218	9.3336938e-08	3.4923484e-07	3403789.1	-112.52492
LSD	11LSD14	2	ENSMUSG00000113545.1	Gm48238	3.0293799	1.8168168e-06	6.797906e-06	445634.01	-13.758926
LSD	11LSD14	3	ENSMUSG00000113451.1	Gm47421	3.0293799	1.8168168e-06	6.797906e-06	445634.01	-13.758926
LSD	11LSD14	4	ENSMUSG00000090404.7	Gm8362	0.035585104	3.2153336e-05	0.00012030677	295.51913	-0.0081978885
LSD	11LSD14	5	ENSMUSG00000043354.2	Olfr577	0.06927123	0.00085577214	0.0032020062	21.366435	-0.00065968754
LSD	11LSD14	6	ENSMUSG00000064010.12	Dppa1	0.1346167	0.012383467	0.018803809	6.5004507	-0.00052227809
LSD	11LSD14	7	ENSMUSG00000108768.1	Gm44971	0.88374256	0.018877712	0.070633932	12.244325	0.00050344803
LSD	11LSD14	8	ENSMUSG00000097984.1	Gm8167	0.19415351	0.0044828177	0.016773168	11.307983	0.00046494857
LSD	11LSD14	9	ENSMUSG00000094790.2	Gm6625	0.95835362	0.024214119	0.090600939	10.310484	0.00046209643
LSD	11LSD14	10	ENSMUSG00000094543.1	Gm8212	0.086300477	0.0015253615	0.0057073802	14.853595	-0.00045860396
LSD	12LSD14	1	ENSMUSG00000090713.2	Gm8127	0.25230084	1.5474192e-10	4.5015285e-10	5.6047816e+08	-13785.792
LSD	12LSD14	2	ENSMUSG00000048377.6	Foxi2	0.11957467	0.0013396821	0.0050126313	23.58741	0.0011143838
LSD	12LSD14	3	ENSMUSG00000082407.1	Gm13045	0.17796064	0.0026334502	0.0098534684	17.79345	-0.00070360189
LSD	12LSD14	4	ENSMUSG00000103020.1	Gm37681	0.3283258	0.0050634354	0.01894564	17.062626	-0.0006747031
LSD	12LSD14	5	ENSMUSG00000038676.6	Ucn	0.62042029	0.015792438	0.040349874	14.984628	-0.00056217487
LSD	12LSD14	6	ENSMUSG00000117581.1	CT485613.5	0.29542846	0.006803428	0.025456097	11.33815	0.00053566926
LSD	12LSD14	7	ENSMUSG00000104445.1	Rhbg	0.085106725	0.0016501388	0.0061742541	13.516869	-0.00053449415
LSD	12LSD14	8	ENSMUSG00000026368.6	F13b	0.18279571	0.0056825518	0.012194408	14.52413	0.00052644881
LSD	12LSD14	9	ENSMUSG00000095030.2	Olfr1513	0.18727507	0.010406936	0.020782089	8.5106044	0.00048910863
LSD	12LSD14	10	ENSMUSG00000108367.2	Gm4881	0.19595315	0.010892297	0.02311734	8.0052832	-0.00048175584
LSD	13saline2	1	ENSMUSG00000094777.2	Hist1h2ap	0.18462003	7.7562228e-05	0.00018760493	983.676	0.052706331
LSD	13saline2	2	ENSMUSG00000090404.7	Gm8362	0.034354512	3.2153336e-05	0.00012030677	285.29034	-0.0079141354
LSD	13saline2	3	ENSMUSG00000056426.3	Nat3	0.15356162	0.0026780096	0.010020194	15.057953	0.00067486906
LSD	13saline2	4	ENSMUSG00000117581.1	CT485613.5	0.36657513	0.006803428	0.025456097	14.133027	0.00066771284
LSD	13saline2	5	ENSMUSG00000099631.1	Gm8641	0.27366066	0.0046389359	0.017357309	15.499046	0.00064985348
LSD	13saline2	6	ENSMUSG00000030167.15	Klrc1	0.093754818	0.0018297014	0.0068461159	13.427339	0.0006343727
LSD	13saline2	7	ENSMUSG00000096685.7	Gm3642	0.12486257	0.0024652872	0.00922426	13.269063	0.000545582
LSD	13saline2	8	ENSMUSG00000116547.1	Gm7667	0.37627249	0.013094995	0.033468154	10.851435	0.00053658022
LSD	13saline2	9	ENSMUSG00000070980.4	Actl7b	0.11281755	0.0025997885	0.0097275178	11.330512	0.00053530842
LSD	13saline2	10	ENSMUSG00000108712.1	Gm3189	0.20754856	0.0048655668	0.018205284	11.133196	0.00049896885
LSD	14saline2	1	ENSMUSG00000094103.2	1700047I17Rik2	0.00011989172	1.619907e-10	6.061137e-10	197803.74	-3.7313339
LSD	14saline2	2	ENSMUSG00000090404.7	Gm8362	0.055798877	3.2153336e-05	0.00012030677	463.53771	-0.012858831
LSD	14saline2	3	ENSMUSG00000096530.7	Gm11758	1.6315755e-07	9.3883053e-10	3.5127822e-09	46.179555	0.0020488262
LSD	14saline2	4	ENSMUSG00000096750.7	Gm11757	4.6757046e-07	2.9440539e-09	1.1015641e-08	42.178791	0.0018713262
LSD	14saline2	5	ENSMUSG00000096333.7	Gm13871	4.6757046e-07	2.9440539e-09	1.1015641e-08	42.178791	0.0018713262
LSD	14saline2	6	ENSMUSG00000081925.1	Rpl31-ps22	0.89461547	0.015809204	0.059152627	14.856589	0.00062291616
LSD	14saline2	7	ENSMUSG00000093962.7	Gm11756	0.14635597	0.0028356244	0.010609935	13.526976	0.00060014489
LSD	14saline2	8	ENSMUSG00000089909.1	Gm16164	0.48602903	0.0090811165	0.033978427	14.036786	-0.00055505309
LSD	14saline2	9	ENSMUSG00000084193.1	Gm6823	0.10269509	0.0015978344	0.005978549	16.909999	-0.00052209532
LSD	14saline2	10	ENSMUSG00000107850.1	Gm4714	1.1505948	0.025975966	0.097193166	11.570966	0.0004757616
LSD	15saline2	1	ENSMUSG00000097202.1	Gm26701	0.8008498	3.4155466e-07	1.2779805e-06	626652.33	-19.347857
LSD	15saline2	2	ENSMUSG00000067528.3	Olfr1424	0.11423203	9.0226042e-06	3.3759494e-05	3383.4335	-0.13379026
LSD	15saline2	3	ENSMUSG00000079378.8	Gm8279	0.28667348	0.0040331668	0.015090141	18.730131	-0.00061919883
LSD	15saline2	4	ENSMUSG00000117873.1	AC109138.7	0.27171383	0.0049431566	0.018495598	14.423468	-0.00057034356
LSD	15saline2	5	ENSMUSG00000096477.2	Olfr92	0.16949123	0.0085268412	0.01766504	9.1120311	0.00048226623
LSD	15saline2	6	ENSMUSG00000117581.1	CT485613.5	0.26569241	0.006803428	0.025456097	10.170019	0.00048048108
LSD	15saline2	7	ENSMUSG00000044205.7	Olfr983	0.070127956	0.0091848354	0.0085204923	7.1525351	-0.0004722554
LSD	15saline2	8	ENSMUSG00000055942.13	Obox7	0.11429638	0.0028828973	0.010786814	10.328673	0.00046291165
LSD	15saline2	9	ENSMUSG00000095817.1	Gm3238	0.11280103	0.0026609659	0.0099564227	11.062212	-0.00045547946
LSD	15saline2	10	ENSMUSG00000046095.5	Krt32	0.1574473	0.0069058613	0.01768564	8.5120722	-0.00045367591
LSD	1saline14	1	ENSMUSG00000094066.1	Fam205a2	0.90197723	1.9086733e-07	7.1405211e-07	1263181	-49.942153
LSD	1saline14	2	ENSMUSG00000093996.1	Fam205a3	0.90197723	1.9086733e-07	7.1405211e-07	1263181	-49.942153
LSD	1saline14	3	ENSMUSG00000098179.1	Gm8709	0.059138857	3.2929641e-07	1.2321143e-06	47997.598	-1.3314839
LSD	1saline14	4	ENSMUSG00000075014.1	Gm10800	1.3880903	0.012202147	0.031485565	43.699015	-0.0015591737
LSD	1saline14	5	ENSMUSG00000089659.2	Gm3470	2.0652018	0.016184125	0.06055545	33.837048	0.0015012321
LSD	1saline14	6	ENSMUSG00000094278.1	Gm12626	0.007253933	3.6988973e-05	0.00013840007	52.145524	-0.00144655
LSD	1saline14	7	ENSMUSG00000080808.1	Gm12608	0.27110818	0.014272591	0.019235581	13.35211	0.0012259634
LSD	1saline14	8	ENSMUSG00000093978.1	Gm12612	0.00026049301	1.6005549e-06	5.988728e-06	43.229958	-0.0011992265
LSD	1saline14	9	ENSMUSG00000062365.4	Gm4968	1.47911	0.071526275	0.071990036	19.55248	-0.0011728975
LSD	1saline14	10	ENSMUSG00000064010.12	Dppa1	0.24053659	0.012383467	0.018803809	12.133346	-0.00097485253
LSD	2saline14	1	ENSMUSG00000098179.1	Gm8709	0.11092747	3.2929641e-07	1.2321143e-06	90029.912	-2.497487
LSD	2saline14	2	ENSMUSG00000080792.1	Gm14367	0.071737151	1.0088882e-05	3.7749139e-05	1900.098	0.079668471
LSD	2saline14	3	ENSMUSG00000100898.6	Gm29178	0.47208126	0.0015103879	0.0056513542	83.266924	-0.0016591729
LSD	2saline14	4	ENSMUSG00000097594.1	Gm2907	0.046851692	0.00046487637	0.0017394081	26.668161	0.0010965106
LSD	2saline14	5	ENSMUSG00000038676.6	Ucn	0.75675742	0.015792438	0.040349874	18.363502	-0.00068893931
LSD	2saline14	6	ENSMUSG00000110081.1	Gm19164	0.43711777	0.018504548	0.037389591	11.195983	-0.00061801677
LSD	2saline14	7	ENSMUSG00000082831.1	Gm12591	0.26418414	0.015586996	0.022173139	11.211635	0.00060486157
LSD	2saline14	8	ENSMUSG00000082655.1	Gm7857	0.79508516	0.01369019	0.051224	15.25447	-0.00060320366
LSD	2saline14	9	ENSMUSG00000045246.11	Kcng4	1.1050283	0.30434317	0.10521839	7.6097448	-0.00059074677
LSD	2saline14	10	ENSMUSG00000084902.2	Gm281	0.13454077	0.0019033579	0.0071217132	18.624368	-0.00057502637
LSD	3saline14	1	ENSMUSG00000094777.2	Hist1h2ap	1.1673811	7.7562228e-05	0.00018760493	6222.1367	0.33338822
LSD	3saline14	2	ENSMUSG00000082414.1	Gm13303	0.16914381	0.0011613221	0.0023538356	71.365431	0.0015145707
LSD	3saline14	3	ENSMUSG00000031204.3	Asb12	0.54366066	0.016550148	0.028667958	18.386748	0.00094095993
LSD	3saline14	4	ENSMUSG00000080968.3	Atf1-ps	0.357393	0.0057698185	0.021588684	16.287384	-0.00064404791
LSD	3saline14	5	ENSMUSG00000095538.1	Gm21983	1.0122018	0.04029683	0.10299509	9.4364202	0.00061621296
LSD	3saline14	6	ENSMUSG00000078626.2	Gm12790	0.26251266	0.0041544161	0.015544402	16.620662	-0.00054945784
LSD	3saline14	7	ENSMUSG00000091776.1	Gm8340	0.07423038	0.0016426422	0.0061462042	11.810173	0.00048559707
LSD	3saline14	8	ENSMUSG00000096709.1	Gm7352	0.020880124	0.00046487637	0.0017394081	11.736893	0.00048258402
LSD	3saline14	9	ENSMUSG00000097594.1	Gm2907	0.020880124	0.00046487637	0.0017394081	11.736893	0.00048258402
LSD	3saline14	10	ENSMUSG00000106884.1	Gm20156	0.14180421	0.0032172582	0.012037878	11.512573	0.00047336069
MDMA	25MDMA2	1	ENSMUSG00000066359.6	Tcl1b1	0.055598775	4.487296e-09	1.8501595e-08	3005079.8	105.70456
MDMA	25MDMA2	2	ENSMUSG00000089659.2	Gm3470	0.24276187	1.5710619e-05	6.4776543e-05	3747.4393	0.10597839
MDMA	25MDMA2	3	ENSMUSG00000094660.2	Gm21394	0.046077044	2.2507851e-06	9.2802245e-06	4964.836	-0.026464191
MDMA	25MDMA2	4	ENSMUSG00000087149.8	Itih5l-ps	0.075868803	0.00060807574	0.0025071605	30.018313	-0.00094897567
MDMA	25MDMA2	5	ENSMUSG00000114559.1	Gm47429	0.49439789	0.006160215	0.025399217	19.222548	-0.00080679117
MDMA	25MDMA2	6	ENSMUSG00000090440.2	1700049E17Rik2	0.17321047	0.0014328807	0.0059079185	29.075823	0.00078396478
MDMA	25MDMA2	7	ENSMUSG00000083224.1	Gm11255	0.22550409	0.0022465035	0.0092625713	24.103198	-0.00076197981
MDMA	25MDMA2	8	ENSMUSG00000096379.1	Gm21732	0.035565018	0.00033857896	0.0013959968	25.233897	0.00071362001
MDMA	25MDMA2	9	ENSMUSG00000081863.1	Gm12780	0.36534999	0.0056492649	0.023292516	15.44276	-0.00065935709
MDMA	25MDMA2	10	ENSMUSG00000114862.1	Gm4817	0.11449528	0.0017435086	0.0071886702	15.68465	-0.00065830173
MDMA	26MDMA2	1	ENSMUSG00000070330.2	Tmem235	0.3963818	0.018396378	0.0235301	16.06391	0.0016376035
MDMA	26MDMA2	2	ENSMUSG00000079525.1	Cldn34d	0.48671355	0.0062995903	0.017943137	26.774246	-0.0015086389
MDMA	26MDMA2	3	ENSMUSG00000102337.1	Gm37232	1.106414	0.01064644	0.043896397	24.962585	-0.0014060512
MDMA	26MDMA2	4	ENSMUSG00000095528.8	Gm10375	0.39961737	0.0035720628	0.014727992	26.890651	-0.0012137847
MDMA	26MDMA2	5	ENSMUSG00000107349.1	Gm6655	0.18155981	0.0020627028	0.0085047416	21.105534	-0.0011887975
MDMA	26MDMA2	6	ENSMUSG00000113635.1	Gm48816	0.90208076	0.010692283	0.04408541	20.21958	-0.001138895
MDMA	26MDMA2	7	ENSMUSG00000032393.15	Dpp8	5.9112813	7.0059654	0.061875961	-17.691589	-0.0010706631
MDMA	26MDMA2	8	ENSMUSG00000052736.15	Klrc2	0.29143923	0.0027513546	0.0084152646	34.305264	0.0010534957
MDMA	26MDMA2	9	ENSMUSG00000032131.16	Abcg4	4.472586	6.1312019	0.12041458	-13.774211	-0.0010176247
MDMA	26MDMA2	10	ENSMUSG00000018395.19	Kif3a	8.1112679	6.9189198	0.0817977	14.576793	-0.00097346895
MDMA	27MDMA2	1	ENSMUSG00000083539.1	Gm12466	0.58551745	0.0059424569	0.024501378	23.654792	-0.0010099849
MDMA	27MDMA2	2	ENSMUSG00000101855.1	1700010N08Rik	0.091210538	0.0020183491	0.0057096027	15.621435	-0.001005705
MDMA	27MDMA2	3	ENSMUSG00000090547.1	Gm8265	0.10567794	0.0015830057	0.0065268995	15.948604	0.00074176912
MDMA	27MDMA2	4	ENSMUSG00000091995.1	Gm3339	0.10567794	0.0015830057	0.0065268995	15.948604	0.00074176912
MDMA	27MDMA2	5	ENSMUSG00000096844.1	Igkv6-14	0.86650361	0.011528657	0.047533871	17.986647	0.00071257827
MDMA	27MDMA2	6	ENSMUSG00000104023.1	Gm37213	0.34541863	0.0050237354	0.020713392	16.433566	-0.00068973457
MDMA	27MDMA2	7	ENSMUSG00000084339.1	Gm6141	0.28046619	0.013059014	0.029266353	9.1370174	-0.00056555013
MDMA	27MDMA2	8	ENSMUSG00000058073.4	Gm11189	0.85153824	0.015211834	0.062719998	13.334286	0.00052826536
MDMA	27MDMA2	9	ENSMUSG00000115059.1	Gm48983	0.86650361	0.015790915	0.065107609	13.066256	-0.00051428381
MDMA	27MDMA2	10	ENSMUSG00000091818.3	Rpl19-ps4	0.31898292	0.024173528	0.047605803	6.1927195	-0.0005113002
MDMA	13saline2	1	ENSMUSG00000094777.2	Hist1h2ap	0.18462003	7.3226386e-05	0.0001728861	1067.4473	0.054142659
MDMA	13saline2	2	ENSMUSG00000061809.8	Tbpl2	0.27260532	0.0029605681	0.012206735	22.089835	0.0010273976
MDMA	13saline2	3	ENSMUSG00000047980.6	9230110F15Rik	0.19184202	0.0022307924	0.0091977926	20.614862	-0.00086522807
MDMA	13saline2	4	ENSMUSG00000107764.1	Gm5318	0.50583749	0.00911581	0.037585447	13.215798	-0.00074439758
MDMA	13saline2	5	ENSMUSG00000056426.3	Nat3	0.15356162	0.0022316746	0.0092014302	16.446351	0.00066936357
MDMA	13saline2	6	ENSMUSG00000107464.1	Gm44150	0.020208729	0.00032311576	0.0013322404	14.926445	-0.00063731209
MDMA	13saline2	7	ENSMUSG00000033156.9	Cst10	0.30213181	0.014705738	0.032892898	8.7382412	-0.00062255798
MDMA	13saline2	8	ENSMUSG00000099631.1	Gm8641	0.27366066	0.0070875727	0.020139562	13.23629	0.00062028765
MDMA	13saline2	9	ENSMUSG00000005232.11	G6pc2	0.14300755	0.0044379028	0.013491137	10.271162	-0.00060350281
MDMA	13saline2	10	ENSMUSG00000030167.15	Klrc1	0.093754818	0.0015247512	0.0062867102	14.670641	0.00056844974
MDMA	14saline2	1	ENSMUSG00000094103.2	1700047I17Rik2	0.00011989172	1.5518185e-10	5.5791405e-10	214892.53	-7.8831659
MDMA	14saline2	2	ENSMUSG00000055170.4	Ifng	0.35804756	0.0020666001	0.0085208107	41.777828	0.0011814859
MDMA	14saline2	3	ENSMUSG00000006007.14	Pdc	0.10038409	0.0016536031	0.0047477425	20.79525	0.00099818477
MDMA	14saline2	4	ENSMUSG00000112653.1	Gm36176	0.53838231	0.023006639	0.051702296	9.9681391	-0.00073573454
MDMA	14saline2	5	ENSMUSG00000084193.1	Gm6823	0.10269509	0.0013315287	0.0054900334	18.463196	-0.0007267057
MDMA	14saline2	6	ENSMUSG00000089909.1	Gm16164	0.48602903	0.0075675971	0.031202002	15.334318	-0.0006921573
MDMA	14saline2	7	ENSMUSG00000075249.12	Fsip2	0.07464926	0.0021514653	0.003386984	21.404824	0.00066366603
MDMA	14saline2	8	ENSMUSG00000084119.1	Gm12351	0.73976439	0.015472267	0.063793793	11.353646	-0.00063950935
MDMA	14saline2	9	ENSMUSG00000081925.1	Rpl31-ps22	0.89461547	0.013174337	0.054319183	16.227069	0.00057839197
MDMA	14saline2	10	ENSMUSG00000107739.1	Gm7812	0.17547325	0.0039591246	0.016323889	10.50694	0.00048867748
MDMA	15saline2	1	ENSMUSG00000101177.6	Gm29586	0.074795535	9.5618514e-09	2.9187998e-08	2562543.8	105.25128
MDMA	15saline2	2	ENSMUSG00000101374.6	Gm28844	0.074795535	9.5618514e-09	2.9187998e-08	2562543.8	105.25128
MDMA	15saline2	3	ENSMUSG00000067528.3	Olfr1424	0.11423203	7.5188368e-06	3.1000958e-05	3684.5476	-0.16631235
MDMA	15saline2	4	ENSMUSG00000060827.2	Olfr1193	0.10659145	0.0019167241	0.005465738	19.151069	0.00089009788
MDMA	15saline2	5	ENSMUSG00000117873.1	AC109138.7	0.27171383	0.0041192972	0.016984297	15.755408	-0.00071116436
MDMA	15saline2	6	ENSMUSG00000081290.1	Gm12520	0.68627308	0.013557612	0.055899467	12.034381	-0.00067785267
MDMA	15saline2	7	ENSMUSG00000083161.2	Gm11427	1.5909004	0.38038203	0.14934359	8.1055933	-0.00064228139
MDMA	15saline2	8	ENSMUSG00000079378.8	Gm8279	0.28667348	0.0034638641	0.013838638	20.465137	-0.00063010066
MDMA	15saline2	9	ENSMUSG00000105532.1	Gm5279	0.22083153	0.0084838326	0.024007028	8.8452304	-0.00061346394
MDMA	15saline2	10	ENSMUSG00000049073.7	Olfr985	0.094045762	0.0024720873	0.010192677	8.9842615	-0.0005060506
MDMA	1saline14	1	ENSMUSG00000094066.1	Fam205a2	0.90197723	1.5905611e-07	6.5570708e-07	1375579.3	-62.083221
MDMA	1saline14	2	ENSMUSG00000093996.1	Fam205a3	0.90197723	1.5905611e-07	6.5570708e-07	1375579.3	-62.083221
MDMA	1saline14	3	ENSMUSG00000096828.1	Gm3618	0.14298178	1.0769598e-06	4.440419e-06	32199.822	0.91061786
MDMA	1saline14	4	ENSMUSG00000089659.2	Gm3470	2.0652018	1.5710619e-05	6.4776543e-05	31881.696	0.9016212
MDMA	1saline14	5	ENSMUSG00000110186.1	Gm7789	0.13203184	6.5786951e-06	2.7124655e-05	4867.3526	0.13123732
MDMA	1saline14	6	ENSMUSG00000098179.1	Gm8709	0.059138857	5.8403394e-07	1.6552706e-06	35727.254	-0.039118438
MDMA	1saline14	7	ENSMUSG00000075014.1	Gm10800	1.3880903	0.010168456	0.029099774	47.351635	-0.0021253571
MDMA	1saline14	8	ENSMUSG00000093978.1	Gm12612	0.00026049301	1.3337957e-06	5.4993807e-06	47.125164	-0.0019457999
MDMA	1saline14	9	ENSMUSG00000079192.2	AC125149.1	1.7085113	0.025012413	0.075793372	22.21169	-0.001183623
MDMA	1saline14	10	ENSMUSG00000067855.7	Speer3	0.27193394	0.0053617456	0.01517159	17.570484	0.0010496141
MDMA	2saline14	1	ENSMUSG00000080792.1	Gm14367	0.071737151	8.4074014e-06	3.4664604e-05	2069.2215	0.073754607
MDMA	2saline14	2	ENSMUSG00000098179.1	Gm8709	0.11092747	5.8403394e-07	1.6552706e-06	67014.355	-0.073375268
MDMA	2saline14	3	ENSMUSG00000105532.1	Gm5279	0.31288934	0.0084838326	0.024007028	12.67985	-0.00087941526
MDMA	2saline14	4	ENSMUSG00000099563.1	Gm19125	0.22301866	0.0017756376	0.0073211414	30.219745	0.00085462086
MDMA	2saline14	5	ENSMUSG00000110155.1	Gm35629	0.11361776	0.0043163223	0.0080819741	13.524102	-0.00083502468
MDMA	2saline14	6	ENSMUSG00000100898.6	Gm29178	0.47208126	0.0031334466	0.0090533992	51.797983	0.00081253909
MDMA	2saline14	7	ENSMUSG00000056829.4	Foxb2	0.10708169	0.0017894078	0.0073779174	14.271275	-0.00080384872
MDMA	2saline14	8	ENSMUSG00000107922.1	Gm44285	0.28474343	0.0027589693	0.011375522	24.788706	0.00070102991
MDMA	2saline14	9	ENSMUSG00000081504.3	Gm12508	0.39813056	0.022227236	0.049985296	7.5202779	-0.00063529088
MDMA	2saline14	10	ENSMUSG00000038695.13	Josd2	8.2233335	7.3724011	0.12154044	7.0012282	-0.00061110288
MDMA	3saline14	1	ENSMUSG00000096828.1	Gm3618	0.059937015	1.0769598e-06	4.440419e-06	13497.811	0.381721
MDMA	3saline14	2	ENSMUSG00000094777.2	Hist1h2ap	1.1673811	7.3226386e-05	0.0001728861	6751.8895	0.34246679
MDMA	3saline14	3	ENSMUSG00000082414.1	Gm13303	0.16914381	0.00048783338	0.0014839615	113.65253	-0.001098748
MDMA	3saline14	4	ENSMUSG00000090268.1	Gm5286	0.26440011	0.0055477414	0.017058765	15.174156	-0.00095165381
MDMA	3saline14	5	ENSMUSG00000095079.6	Igha	0.20570279	0.0039110266	0.012646224	15.956681	-0.00085252849
MDMA	3saline14	6	ENSMUSG00000070834.5	Gm13015	2.3265877	0.095597528	0.21519676	10.367211	-0.00073672389
MDMA	3saline14	7	ENSMUSG00000092223.1	Gm19807	0.22869631	0.0048128974	0.019844084	11.282124	-0.00063548079
MDMA	3saline14	8	ENSMUSG00000095538.1	Gm21983	1.0122018	0.027775394	0.082164102	11.981223	0.00060591656
MDMA	3saline14	9	ENSMUSG00000050766.2	Ear14	0.19686947	0.0063247218	0.018074714	10.542061	0.00058764918
MDMA	3saline14	10	ENSMUSG00000108201.1	Gm43991	1.1155747	0.021266423	0.087683707	12.480177	0.00058045269
