target_id	ext_gene	pval	qval
ENSMUSG00000004328.15	Hif3a	2.18575074598749e-07	0.0041599208197634
ENSMUSG00000028776.14	Tinagl1	4.50624221017159e-07	0.0042881400871992
ENSMUSG00000026193.15	Fn1	2.64816063998206e-06	0.0167999311000462
ENSMUSG00000028645.11	Slc2a1	5.93550329438174e-06	0.0225928997397346
ENSMUSG00000021250.13	Fos	5.53156397097069e-06	0.0225928997397346
ENSMUSG00000014158.12	Trpv4	1.09424776117052e-05	0.0335045986687146
ENSMUSG00000032125.20	Robo4	1.23230449075768e-05	0.0335045986687146
ENSMUSG00000074793.10	Hspa12b	2.70413294375255e-05	0.0408785081578803
ENSMUSG00000094098.3	Vmn2r44	2.56596080402369e-05	0.0408785081578803
ENSMUSG00000002885.14	Adgre5	3.17421854879036e-05	0.0408785081578803
ENSMUSG00000021904.6	Sema3g	2.47612429153236e-05	0.0408785081578803
ENSMUSG00000032278.11	Paqr5	2.42716038149096e-05	0.0408785081578803
ENSMUSG00000057710.7	9630041A04Rik	3.22182441345211e-05	0.0408785081578803
ENSMUSG00000020439.17	Smtn	2.83295934480852e-05	0.0408785081578803
ENSMUSG00000042292.16	Mrtfa	2.28214154098911e-05	0.0408785081578803
ENSMUSG00000026814.16	Eng	3.95529084076297e-05	0.0466402874302887
ENSMUSG00000034738.8	Nostrin	4.16606182384882e-05	0.0466402874302887
ENSMUSG00000045382.6	Cxcr4	7.76029208258188e-05	0.0600132139398319
ENSMUSG00000020423.6	Btg2	7.88319855241592e-05	0.0600132139398319
ENSMUSG00000027463.14	Slc52a3	6.2056725021349e-05	0.0600132139398319
ENSMUSG00000004891.16	Nes	7.42871433127381e-05	0.0600132139398319
ENSMUSG00000006642.3	Tcf23	7.0375945524221e-05	0.0600132139398319
ENSMUSG00000022220.14	Adcy4	6.79450495640861e-05	0.0600132139398319
ENSMUSG00000020357.3	Flt4	6.61054447909662e-05	0.0600132139398319
ENSMUSG00000000530.16	Acvrl1	7.21413747026171e-05	0.0600132139398319
ENSMUSG00000026840.14	Lamc3	9.29427463095429e-05	0.0646120889999963
ENSMUSG00000004105.8	Angptl2	0.0001015294994788	0.0646120889999963
ENSMUSG00000017754.13	Pltp	0.0001083192195565	0.0646120889999963
ENSMUSG00000034317.14	Trim59	9.79185175619591e-05	0.0646120889999963
ENSMUSG00000028978.12	Nos3	0.0001154272291929	0.0646120889999963
ENSMUSG00000029710.15	Ephb4	0.0001104519871563	0.0646120889999963
ENSMUSG00000015053.14	Gata2	0.0001079909578922	0.0646120889999963
ENSMUSG00000032265.14	Tent5a	9.15444908366598e-05	0.0646120889999963
ENSMUSG00000004044.9	Cavin1	0.0001122270650087	0.0646120889999963
ENSMUSG00000052837.6	Junb	0.0001254195407277	0.067279530709302
ENSMUSG00000022602.14	Arc	0.0001272626684286	0.067279530709302
ENSMUSG00000036281.13	Snapc4	0.0001392843038649	0.0697594439778246
ENSMUSG00000030096.8	Slc6a6	0.0001392059823213	0.0697594439778246
ENSMUSG00000028681.11	Ptch2	0.0001433239094648	0.0699420678188596
ENSMUSG00000110170.1	St6galnac2	0.0001485904264283	0.0706993248946236
ENSMUSG00000025608.9	Podxl	0.0001568167086793	0.0714931783752028
ENSMUSG00000042286.13	Stab1	0.0001634917887186	0.0714931783752028
ENSMUSG00000024190.7	Dusp1	0.0001652847755626	0.0714931783752028
ENSMUSG00000002831.13	Plin4	0.0001587967051065	0.0714931783752028
ENSMUSG00000030353.15	Tead4	0.0002047128076873	0.0829552934681986
ENSMUSG00000032413.12	Rasa2	0.0002048601719737	0.0829552934681986
ENSMUSG00000056749.7	Nfil3	0.0002038745010145	0.0829552934681986
ENSMUSG00000033191.14	Tie1	0.0002137191718317	0.084739651631289
ENSMUSG00000074364.6	Ehd2	0.000231151988575	0.0897813193175447
ENSMUSG00000037035.5	Inhbb	0.0002621776161159	0.0962037374933371
ENSMUSG00000043467.19	Zbtb37	0.0002621861053431	0.0962037374933371
ENSMUSG00000026790.19	Odf2	0.000321211700828	0.0962037374933371
ENSMUSG00000027474.12	Ccm2l	0.0003162090731896	0.0962037374933371
ENSMUSG00000039167.11	Adgrl4	0.00030446239884	0.0962037374933371
ENSMUSG00000028226.15	Mmp16	0.0003043246442459	0.0962037374933371
ENSMUSG00000036553.16	Sh3tc1	0.0003203560629739	0.0962037374933371
ENSMUSG00000029576.17	Radil	0.0003099066538934	0.0962037374933371
ENSMUSG00000066687.5	Zbtb16	0.0002939226244625	0.0962037374933371
ENSMUSG00000020482.4	Ccdc117	0.0002989174750421	0.0962037374933371
ENSMUSG00000054404.13	Slfn5	0.0003114854595827	0.0962037374933371
ENSMUSG00000034936.2	Arl4d	0.0003139799567886	0.0962037374933371
ENSMUSG00000051723.7	Rpl31-ps13	0.0002923683116943	0.0962037374933371
ENSMUSG00000074925.4	Ptar1	0.0003235098360431	0.0962037374933371
ENSMUSG00000117972.1	AC131185.2	0.0002842507055971	0.0962037374933371
ENSMUSG00000028960.18	Ube4b	0.0003312559404033	0.0969917393501027
