drug	day	replicate	gsm	matrix_sample	critical_period	state	condition	title	tissue	strain	sex	age	rna_isolation_batch	num_slices	RNA_extraction_order	concentration	individual_behavior	metadata_source	state_source	characteristics_json
LSD	2	1	GSM7231223	22LSD2	open	1	LSD_2	NAc LSD 2 days replicate 1	Nucleus Accumbens macrodissection	C57BL6/J	male (series protocol)	P98-P112 (range only)	unknown	unknown	unknown	unknown	not available	GSE230679_family.soft.gz; title + characteristics + description	PMC10284704 ECM section; GEO critical-period characteristic	"{""strain"": ""C57BL6/J"", ""tissue"": ""Nucleus Accumbens macrodissection"", ""treatment -_critical_period"": ""open"", ""treatment -_drug"": ""LSD"", ""treatment -_time_(days)"": ""2""}"
LSD	2	2	GSM7231224	23LSD2	open	1	LSD_2	NAc LSD 2 days replicate 2	Nucleus Accumbens macrodissection	C57BL6/J	male (series protocol)	P98-P112 (range only)	unknown	unknown	unknown	unknown	not available	GSE230679_family.soft.gz; title + characteristics + description	PMC10284704 ECM section; GEO critical-period characteristic	"{""strain"": ""C57BL6/J"", ""tissue"": ""Nucleus Accumbens macrodissection"", ""treatment -_critical_period"": ""open"", ""treatment -_drug"": ""LSD"", ""treatment -_time_(days)"": ""2""}"
LSD	2	3	GSM7231225	24LSD2	open	1	LSD_2	NAc LSD 2 days replicate 3	Nucleus Accumbens macrodissection	C57BL6/J	male (series protocol)	P98-P112 (range only)	unknown	unknown	unknown	unknown	not available	GSE230679_family.soft.gz; title + characteristics + description	PMC10284704 ECM section; GEO critical-period characteristic	"{""strain"": ""C57BL6/J"", ""tissue"": ""Nucleus Accumbens macrodissection"", ""treatment -_critical_period"": ""open"", ""treatment -_drug"": ""LSD"", ""treatment -_time_(days)"": ""2""}"
LSD	14	1	GSM7231211	10LSD14	open	1	LSD_14	NAc LSD 14 days replicate 1	Nucleus Accumbens macrodissection	C57BL6/J	male (series protocol)	P98-P112 (range only)	unknown	unknown	unknown	unknown	not available	GSE230679_family.soft.gz; title + characteristics + description	PMC10284704 ECM section; GEO critical-period characteristic	"{""strain"": ""C57BL6/J"", ""tissue"": ""Nucleus Accumbens macrodissection"", ""treatment -_critical_period"": ""open"", ""treatment -_drug"": ""LSD"", ""treatment -_time_(days)"": ""14""}"
LSD	14	2	GSM7231212	11LSD14	open	1	LSD_14	NAc LSD 14 days replicate 2	Nucleus Accumbens macrodissection	C57BL6/J	male (series protocol)	P98-P112 (range only)	unknown	unknown	unknown	unknown	not available	GSE230679_family.soft.gz; title + characteristics + description	PMC10284704 ECM section; GEO critical-period characteristic	"{""strain"": ""C57BL6/J"", ""tissue"": ""Nucleus Accumbens macrodissection"", ""treatment -_critical_period"": ""open"", ""treatment -_drug"": ""LSD"", ""treatment -_time_(days)"": ""14""}"
LSD	14	3	GSM7231213	12LSD14	open	1	LSD_14	NAc LSD 14 days replicate 3	Nucleus Accumbens macrodissection	C57BL6/J	male (series protocol)	P98-P112 (range only)	unknown	unknown	unknown	unknown	not available	GSE230679_family.soft.gz; title + characteristics + description	PMC10284704 ECM section; GEO critical-period characteristic	"{""strain"": ""C57BL6/J"", ""tissue"": ""Nucleus Accumbens macrodissection"", ""treatment -_critical_period"": ""open"", ""treatment -_drug"": ""LSD"", ""treatment -_time_(days)"": ""14""}"
MDMA	2	1	GSM7231226	25MDMA2	open	1	MDMA_2	NAc MDMA 2 days replicate 1	Nucleus Accumbens macrodissection	C57BL6/J	male (series protocol)	P98-P112 (range only)	unknown	unknown	unknown	unknown	not available	GSE230679_family.soft.gz; title + characteristics + description	PMC10284704 ECM section; GEO critical-period characteristic	"{""strain"": ""C57BL6/J"", ""tissue"": ""Nucleus Accumbens macrodissection"", ""treatment -_critical_period"": ""open"", ""treatment -_drug"": ""MDMA"", ""treatment -_time_(days)"": ""2""}"
MDMA	2	2	GSM7231227	26MDMA2	open	1	MDMA_2	NAc MDMA 2 days replicate 2	Nucleus Accumbens macrodissection	C57BL6/J	male (series protocol)	P98-P112 (range only)	unknown	unknown	unknown	unknown	not available	GSE230679_family.soft.gz; title + characteristics + description	PMC10284704 ECM section; GEO critical-period characteristic	"{""strain"": ""C57BL6/J"", ""tissue"": ""Nucleus Accumbens macrodissection"", ""treatment -_critical_period"": ""open"", ""treatment -_drug"": ""MDMA"", ""treatment -_time_(days)"": ""2""}"
MDMA	2	3	GSM7231228	27MDMA2	open	1	MDMA_2	NAc MDMA 2 days replicate 3	Nucleus Accumbens macrodissection	C57BL6/J	male (series protocol)	P98-P112 (range only)	unknown	unknown	unknown	unknown	not available	GSE230679_family.soft.gz; title + characteristics + description	PMC10284704 ECM section; GEO critical-period characteristic	"{""strain"": ""C57BL6/J"", ""tissue"": ""Nucleus Accumbens macrodissection"", ""treatment -_critical_period"": ""open"", ""treatment -_drug"": ""MDMA"", ""treatment -_time_(days)"": ""2""}"
cocaine	2	1	GSM7231217	16cocaine2	closed	0	cocaine_2	NAc cocaine 2 days replicate 1	Nucleus Accumbens macrodissection	C57BL6/J	male (series protocol)	P98-P112 (range only)	unknown	unknown	unknown	unknown	not available	GSE230679_family.soft.gz; title + characteristics + description	PMC10284704 ECM section; GEO critical-period characteristic	"{""strain"": ""C57BL6/J"", ""tissue"": ""Nucleus Accumbens macrodissection"", ""treatment -_critical_period"": ""closed"", ""treatment -_drug"": ""cocaine"", ""treatment -_time_(days)"": ""2""}"
cocaine	2	2	GSM7231218	17cocaine2	closed	0	cocaine_2	NAc cocaine 2 days replicate 2	Nucleus Accumbens macrodissection	C57BL6/J	male (series protocol)	P98-P112 (range only)	unknown	unknown	unknown	unknown	not available	GSE230679_family.soft.gz; title + characteristics + description	PMC10284704 ECM section; GEO critical-period characteristic	"{""strain"": ""C57BL6/J"", ""tissue"": ""Nucleus Accumbens macrodissection"", ""treatment -_critical_period"": ""closed"", ""treatment -_drug"": ""cocaine"", ""treatment -_time_(days)"": ""2""}"
cocaine	2	3	GSM7231219	18cocaine2	closed	0	cocaine_2	NAc cocaine 2 days replicate 3	Nucleus Accumbens macrodissection	C57BL6/J	male (series protocol)	P98-P112 (range only)	unknown	unknown	unknown	unknown	not available	GSE230679_family.soft.gz; title + characteristics + description	PMC10284704 ECM section; GEO critical-period characteristic	"{""strain"": ""C57BL6/J"", ""tissue"": ""Nucleus Accumbens macrodissection"", ""treatment -_critical_period"": ""closed"", ""treatment -_drug"": ""cocaine"", ""treatment -_time_(days)"": ""2""}"
cocaine	14	1	GSM7231205	4cocaine14	closed	0	cocaine_14	NAc cocaine 14 days replicate 1	Nucleus Accumbens macrodissection	C57BL6/J	male (series protocol)	P98-P112 (range only)	unknown	unknown	unknown	unknown	not available	GSE230679_family.soft.gz; title + characteristics + description	PMC10284704 ECM section; GEO critical-period characteristic	"{""strain"": ""C57BL6/J"", ""tissue"": ""Nucleus Accumbens macrodissection"", ""treatment -_critical_period"": ""closed"", ""treatment -_drug"": ""cocaine"", ""treatment -_time_(days)"": ""14""}"
cocaine	14	2	GSM7231206	5cocaine14	closed	0	cocaine_14	NAc cocaine 14 days replicate 2	Nucleus Accumbens macrodissection	C57BL6/J	male (series protocol)	P98-P112 (range only)	unknown	unknown	unknown	unknown	not available	GSE230679_family.soft.gz; title + characteristics + description	PMC10284704 ECM section; GEO critical-period characteristic	"{""strain"": ""C57BL6/J"", ""tissue"": ""Nucleus Accumbens macrodissection"", ""treatment -_critical_period"": ""closed"", ""treatment -_drug"": ""cocaine"", ""treatment -_time_(days)"": ""14""}"
cocaine	14	3	GSM7231207	6cocaine14	closed	0	cocaine_14	NAc cocaine 14 days replicate 3	Nucleus Accumbens macrodissection	C57BL6/J	male (series protocol)	P98-P112 (range only)	unknown	unknown	unknown	unknown	not available	GSE230679_family.soft.gz; title + characteristics + description	PMC10284704 ECM section; GEO critical-period characteristic	"{""strain"": ""C57BL6/J"", ""tissue"": ""Nucleus Accumbens macrodissection"", ""treatment -_critical_period"": ""closed"", ""treatment -_drug"": ""cocaine"", ""treatment -_time_(days)"": ""14""}"
ketamine	2	1	GSM7231220	19ketamine2	open	1	ketamine_2	NAc ketamine 2 days replicate 1	Nucleus Accumbens macrodissection	C57BL6/J	male (series protocol)	P98-P112 (range only)	unknown	unknown	unknown	unknown	not available	GSE230679_family.soft.gz; title + characteristics + description	PMC10284704 ECM section; GEO critical-period characteristic	"{""strain"": ""C57BL6/J"", ""tissue"": ""Nucleus Accumbens macrodissection"", ""treatment -_critical_period"": ""open"", ""treatment -_drug"": ""ketamine"", ""treatment -_time_(days)"": ""2""}"
ketamine	2	2	GSM7231221	20ketamine2	open	1	ketamine_2	NAc ketamine 2 days replicate 2	Nucleus Accumbens macrodissection	C57BL6/J	male (series protocol)	P98-P112 (range only)	unknown	unknown	unknown	unknown	not available	GSE230679_family.soft.gz; title + characteristics + description	PMC10284704 ECM section; GEO critical-period characteristic	"{""strain"": ""C57BL6/J"", ""tissue"": ""Nucleus Accumbens macrodissection"", ""treatment -_critical_period"": ""open"", ""treatment -_drug"": ""ketamine"", ""treatment -_time_(days)"": ""2""}"
ketamine	2	3	GSM7231222	21ketamine2	open	1	ketamine_2	NAc ketamine 2 days replicate 3	Nucleus Accumbens macrodissection	C57BL6/J	male (series protocol)	P98-P112 (range only)	unknown	unknown	unknown	unknown	not available	GSE230679_family.soft.gz; title + characteristics + description	PMC10284704 ECM section; GEO critical-period characteristic	"{""strain"": ""C57BL6/J"", ""tissue"": ""Nucleus Accumbens macrodissection"", ""treatment -_critical_period"": ""open"", ""treatment -_drug"": ""ketamine"", ""treatment -_time_(days)"": ""2""}"
ketamine	14	1	GSM7231208	7ketamine14	closed	0	ketamine_14	NAc ketamine 14 days replicate 1	Nucleus Accumbens macrodissection	C57BL6/J	male (series protocol)	P98-P112 (range only)	unknown	unknown	unknown	unknown	not available	GSE230679_family.soft.gz; title + characteristics + description	PMC10284704 ECM section; GEO critical-period characteristic	"{""strain"": ""C57BL6/J"", ""tissue"": ""Nucleus Accumbens macrodissection"", ""treatment -_critical_period"": ""closed"", ""treatment -_drug"": ""ketamine"", ""treatment -_time_(days)"": ""14""}"
ketamine	14	2	GSM7231209	8ketamine14	closed	0	ketamine_14	NAc ketamine 14 days replicate 2	Nucleus Accumbens macrodissection	C57BL6/J	male (series protocol)	P98-P112 (range only)	unknown	unknown	unknown	unknown	not available	GSE230679_family.soft.gz; title + characteristics + description	PMC10284704 ECM section; GEO critical-period characteristic	"{""strain"": ""C57BL6/J"", ""tissue"": ""Nucleus Accumbens macrodissection"", ""treatment -_critical_period"": ""closed"", ""treatment -_drug"": ""ketamine"", ""treatment -_time_(days)"": ""14""}"
ketamine	14	3	GSM7231210	9ketamine14	closed	0	ketamine_14	NAc ketamine 14 days replicate 3	Nucleus Accumbens macrodissection	C57BL6/J	male (series protocol)	P98-P112 (range only)	unknown	unknown	unknown	unknown	not available	GSE230679_family.soft.gz; title + characteristics + description	PMC10284704 ECM section; GEO critical-period characteristic	"{""strain"": ""C57BL6/J"", ""tissue"": ""Nucleus Accumbens macrodissection"", ""treatment -_critical_period"": ""closed"", ""treatment -_drug"": ""ketamine"", ""treatment -_time_(days)"": ""14""}"
saline	2	1	GSM7231214	13saline2	closed	0	saline_2	NAc saline 2 days replicate 1	Nucleus Accumbens macrodissection	C57BL6/J	male (series protocol)	P98-P112 (range only)	unknown	unknown	unknown	unknown	not available	GSE230679_family.soft.gz; title + characteristics + description	PMC10284704 ECM section; GEO critical-period characteristic	"{""strain"": ""C57BL6/J"", ""tissue"": ""Nucleus Accumbens macrodissection"", ""treatment -_critical_period"": ""closed"", ""treatment -_drug"": ""saline"", ""treatment -_time_(days)"": ""2""}"
saline	2	2	GSM7231215	14saline2	closed	0	saline_2	NAc saline 2 days replicate 2	Nucleus Accumbens macrodissection	C57BL6/J	male (series protocol)	P98-P112 (range only)	unknown	unknown	unknown	unknown	not available	GSE230679_family.soft.gz; title + characteristics + description	PMC10284704 ECM section; GEO critical-period characteristic	"{""strain"": ""C57BL6/J"", ""tissue"": ""Nucleus Accumbens macrodissection"", ""treatment -_critical_period"": ""closed"", ""treatment -_drug"": ""saline"", ""treatment -_time_(days)"": ""2""}"
saline	2	3	GSM7231216	15saline2	closed	0	saline_2	NAc saline 2 days replicate 3	Nucleus Accumbens macrodissection	C57BL6/J	male (series protocol)	P98-P112 (range only)	unknown	unknown	unknown	unknown	not available	GSE230679_family.soft.gz; title + characteristics + description	PMC10284704 ECM section; GEO critical-period characteristic	"{""strain"": ""C57BL6/J"", ""tissue"": ""Nucleus Accumbens macrodissection"", ""treatment -_critical_period"": ""closed"", ""treatment -_drug"": ""saline"", ""treatment -_time_(days)"": ""2""}"
saline	14	1	GSM7231202	1saline14	closed	0	saline_14	NAc saline 14 days replicate 1	Nucleus Accumbens macrodissection	C57BL6/J	male (series protocol)	P98-P112 (range only)	unknown	unknown	unknown	unknown	not available	GSE230679_family.soft.gz; title + characteristics + description	PMC10284704 ECM section; GEO critical-period characteristic	"{""strain"": ""C57BL6/J"", ""tissue"": ""Nucleus Accumbens macrodissection"", ""treatment -_critical_period"": ""closed"", ""treatment -_drug"": ""saline"", ""treatment -_time_(days)"": ""14""}"
saline	14	2	GSM7231203	2saline14	closed	0	saline_14	NAc saline 14 days replicate 2	Nucleus Accumbens macrodissection	C57BL6/J	male (series protocol)	P98-P112 (range only)	unknown	unknown	unknown	unknown	not available	GSE230679_family.soft.gz; title + characteristics + description	PMC10284704 ECM section; GEO critical-period characteristic	"{""strain"": ""C57BL6/J"", ""tissue"": ""Nucleus Accumbens macrodissection"", ""treatment -_critical_period"": ""closed"", ""treatment -_drug"": ""saline"", ""treatment -_time_(days)"": ""14""}"
saline	14	3	GSM7231204	3saline14	closed	0	saline_14	NAc saline 14 days replicate 3	Nucleus Accumbens macrodissection	C57BL6/J	male (series protocol)	P98-P112 (range only)	unknown	unknown	unknown	unknown	not available	GSE230679_family.soft.gz; title + characteristics + description	PMC10284704 ECM section; GEO critical-period characteristic	"{""strain"": ""C57BL6/J"", ""tissue"": ""Nucleus Accumbens macrodissection"", ""treatment -_critical_period"": ""closed"", ""treatment -_drug"": ""saline"", ""treatment -_time_(days)"": ""14""}"
