model	drug	day	state	drug_score	saline_score	drug_minus_saline
primary	cocaine	2	0	2739.5911	27.427814	2712.1633
primary	cocaine	14	0	7750.3754	81117.269	-73366.894
weaker_penalty	cocaine	2	0	4899.3228	51.633039	4847.6897
weaker_penalty	cocaine	14	0	13896.992	157069.63	-143172.64
stronger_penalty	cocaine	2	0	553.07007	5.7073411	547.36273
stronger_penalty	cocaine	14	0	1549.9526	15178.077	-13628.125
time_residual	cocaine	2	0	-1395.5768	0.41427479	-1395.9911
time_residual	cocaine	14	0	-1052.5645	-2422.7354	1370.1709
pc1_removed	cocaine	2	0	2549.9605	29.669752	2520.2907
pc1_removed	cocaine	14	0	7310.6538	78437.119	-71126.465
composition_residual	cocaine	2	0	5781.938	-3.7859264	5785.7239
composition_residual	cocaine	14	0	13640.764	16491.569	-2850.8055
saline_in_training	cocaine	2	0	-1141.7375	0.32838145	-1142.0659
saline_in_training	cocaine	14	0	-2867.1732	0.12882472	-2867.302
center_only_exploratory	cocaine	2	0	0.79661466	0.77970754	0.016907114
center_only_exploratory	cocaine	14	0	0.79082809	0.76564793	0.02518016
day_only_label_mean	cocaine	2	0	1	1	0
day_only_label_mean	cocaine	14	0	0.5	0.5	0
primary	ketamine	2	1	3086.096	62.327828	3023.7682
primary	ketamine	14	0	916.34325	-45.051533	961.39479
primary	ketamine	2-minus-14	open-minus-closed	2169.7528	107.37936	2062.3734
weaker_penalty	ketamine	2	1	4535.6433	111.09908	4424.5442
weaker_penalty	ketamine	14	0	1346.5365	-102.5332	1449.0697
weaker_penalty	ketamine	2-minus-14	open-minus-closed	3189.1068	213.63229	2975.4745
stronger_penalty	ketamine	2	1	782.64453	13.363681	769.28085
stronger_penalty	ketamine	14	0	232.70486	-6.3714368	239.0763
stronger_penalty	ketamine	2-minus-14	open-minus-closed	549.93967	19.735118	530.20455
time_residual	ketamine	2	1	2872.0787	63.42001	2808.6587
time_residual	ketamine	14	0	852.92112	-46.734386	899.65551
time_residual	ketamine	2-minus-14	open-minus-closed	2019.1576	110.1544	1909.0032
pc1_removed	ketamine	2	1	2186.1259	52.704677	2133.4212
pc1_removed	ketamine	14	0	649.22257	-44.743482	693.96606
pc1_removed	ketamine	2-minus-14	open-minus-closed	1536.9033	97.448159	1439.4552
composition_residual	ketamine	2	1	1691.4411	48.902771	1642.5383
composition_residual	ketamine	14	0	502.40035	-39.166971	541.56732
composition_residual	ketamine	2-minus-14	open-minus-closed	1189.0407	88.069742	1100.971
saline_in_training	ketamine	2	1	8389.4998	0.29855005	8389.2013
saline_in_training	ketamine	14	0	2490.154	0.072393837	2490.0816
saline_in_training	ketamine	2-minus-14	open-minus-closed	5899.3458	0.22615621	5899.1197
center_only_exploratory	ketamine	2	1	0.60436385	0.63360838	-0.029244526
center_only_exploratory	ketamine	14	0	0.60345463	0.47995942	0.12349521
center_only_exploratory	ketamine	2-minus-14	open-minus-closed	0.00090922472	0.15364896	-0.15273973
day_only_label_mean	ketamine	2	1	0.66666667	0.66666667	0
day_only_label_mean	ketamine	14	0	0.5	0.5	0
day_only_label_mean	ketamine	2-minus-14	open-minus-closed	0.16666667	0.16666667	0
primary	LSD	2	1	414.12821	-7.4149987	421.54321
primary	LSD	14	1	-4686.1595	-34.373134	-4651.7864
weaker_penalty	LSD	2	1	824.28209	-14.112628	838.39471
weaker_penalty	LSD	14	1	-5481.836	-80.956301	-5400.8797
stronger_penalty	LSD	2	1	73.467797	-1.0554915	74.523288
stronger_penalty	LSD	14	1	-1188.6051	-4.6106285	-1183.9944
time_residual	LSD	2	1	250.22219	-0.59049647	250.81269
time_residual	LSD	14	1	-1697.0232	-49.424438	-1647.5988
pc1_removed	LSD	2	1	417.32824	-7.0545055	424.38274
pc1_removed	LSD	14	1	-4086.4119	-33.976568	-4052.4353
composition_residual	LSD	2	1	468.21916	-0.89570934	469.11487
composition_residual	LSD	14	1	-2442.6769	-20.765926	-2421.911
saline_in_training	LSD	2	1	614.78032	0.13958389	614.64073
saline_in_training	LSD	14	1	-4248.2626	0.0484466	-4248.311
center_only_exploratory	LSD	2	1	0.4112017	0.38142972	0.02977198
center_only_exploratory	LSD	14	1	0.37836466	0.32542751	0.052937154
day_only_label_mean	LSD	2	1	0.66666667	0.66666667	0
day_only_label_mean	LSD	14	1	0	0	0
primary	MDMA	2	1	35.804023	68.070001	-32.265978
weaker_penalty	MDMA	2	1	65.018061	118.64926	-53.6312
stronger_penalty	MDMA	2	1	7.3482383	15.093359	-7.7451208
time_residual	MDMA	2	1	29.430337	54.69226	-25.261924
pc1_removed	MDMA	2	1	36.112055	48.620378	-12.508323
composition_residual	MDMA	2	1	21.733448	40.058617	-18.325169
saline_in_training	MDMA	2	1	57.113118	0.24836254	56.864755
center_only_exploratory	MDMA	2	1	0.50944562	0.52303466	-0.013589046
day_only_label_mean	MDMA	2	1	0.66666667	0.66666667	0
