file	observed_utc	http_status	bytes	sha256	payload_sha256	access_observed	requested_url	final_url
abc-access.xml	2026-10-04T12:21:25.770971+00:00	200	1443	138381cad845a423d57befab417039cdad27e60073ca7774dde0d25aa84cf6d0	NA	Anonymous release listing only; cell-expression analysis deferred	https://allen-brain-cell-atlas.s3.us-west-2.amazonaws.com/?list-type=2&delimiter=/&prefix=releases/	https://allen-brain-cell-atlas.s3.us-west-2.amazonaws.com/?list-type=2&delimiter=/&prefix=releases/
cncr-access.html	2026-10-04T13:11:45.884217+00:00	200	149186	a69a6f06de4aafdfe840470120c9f85ae5d1685b1aeb3598fc47beb45f9ef7a6	NA	source changed since recorded snapshot	https://cncr.nl/research/summary_statistics/	https://cncr.nl/research/summary_statistics/
gencode-v19.gtf.gz	2026-10-04T12:10:51.816790+00:00	200	37991892	9909e8123a40eca090c3f8e501633f7cc65cd6c4adb83b95009745eca3564d70	NA	anonymous GET succeeded	https://ftp.ebi.ac.uk/pub/databases/gencode/Gencode_human/release_19/gencode.v19.annotation.gtf.gz	https://ftp.ebi.ac.uk/pub/databases/gencode/Gencode_human/release_19/gencode.v19.annotation.gtf.gz
gene2pubmed.gz	2026-10-04T12:06:06.126556+00:00	200	288318983	a5d5a2e387d3e8c16e55d16e602d155f450279dc4dd9022c2bfd6242441d5080	NA	anonymous GET succeeded	https://ftp.ncbi.nlm.nih.gov/gene/DATA/gene2pubmed.gz	https://ftp.ncbi.nlm.nih.gov/gene/DATA/gene2pubmed.gz
genebass-bulk-access.json	2026-10-04T12:06:29.973844+00:00	400	301	24f3ad5205016892904c08bd721290c1e50f79a369f8eb8aa9c9913b8dcf3115	NA	HTTP 400 requester-pays bucket; used anonymous per-phenotype browser API instead	https://storage.googleapis.com/storage/v1/b/ukbb-exome-public/o?delimiter=/	https://storage.googleapis.com/storage/v1/b/ukbb-exome-public/o?delimiter=/
genebass-continuous-20016-both_sexes--irnt-combined.json.gz	2026-10-04T13:11:46.749994+00:00	200	1068746	bc65fd8c958fd9fabf5fb05801c7878766e5eb90c663735aee88910e0d112586	826816fa2fa0aaa07ab0ffc05bb658193c30ce854c42002fbd34ccae906fcf82	anonymous GET succeeded	https://main.genebass.org/api/analysis/continuous-20016-both_sexes--irnt/gene-manhattan?burdenSet=pLoF%7Cmissense%7CLC	https://main.genebass.org/api/analysis/continuous-20016-both_sexes--irnt/gene-manhattan?burdenSet=pLoF%7Cmissense%7CLC
genebass-continuous-20016-both_sexes--irnt-missense.json.gz	2026-10-04T13:11:46.750122+00:00	200	1113982	f8c67b21eabc1df0715a5fd16946686d62490f8ac4e251d45a808fa3111b2197	3234d36850834f3414b190b03a5cbc21e7257fdc8cfac21ad24cb156623258e7	anonymous GET succeeded	https://main.genebass.org/api/analysis/continuous-20016-both_sexes--irnt/gene-manhattan?burdenSet=missense%7CLC	https://main.genebass.org/api/analysis/continuous-20016-both_sexes--irnt/gene-manhattan?burdenSet=missense%7CLC
genebass-continuous-20016-both_sexes--irnt-plof.json.gz	2026-10-04T13:11:46.749707+00:00	200	997500	7e51c8c265c8d9255c4c02d7106f550d405cf97b9b3633152853389ee7cfb146	0a34e67a2dd78783d0d3d8942c74ee36890249dd5441f762ce9f53211ff2b407	anonymous GET succeeded	https://main.genebass.org/api/analysis/continuous-20016-both_sexes--irnt/gene-manhattan?burdenSet=pLoF	https://main.genebass.org/api/analysis/continuous-20016-both_sexes--irnt/gene-manhattan?burdenSet=pLoF
genebass-continuous-20018-both_sexes---combined.json.gz	2026-10-04T13:11:47.586096+00:00	200	1066529	1a41381bc609aed96f88fadc839e1840a406cb0074a1c670dbd54ebe9630377a	3263c76d177051f1a1512994c3b8772180583844757aac93c78a0e4bd2425dec	anonymous GET succeeded	https://main.genebass.org/api/analysis/continuous-20018-both_sexes--/gene-manhattan?burdenSet=pLoF%7Cmissense%7CLC	https://main.genebass.org/api/analysis/continuous-20018-both_sexes--/gene-manhattan?burdenSet=pLoF%7Cmissense%7CLC
genebass-continuous-20018-both_sexes---missense.json.gz	2026-10-04T13:11:47.578782+00:00	200	1110988	93c36a8cc69c31f30b8a0a958225027c98681a9f10d2c3b8268caf2f280a4cfd	54a0ec2e62f7346bd4007a23eaf9384b3c04d08ffb1b7c67552be1888d55f990	anonymous GET succeeded	https://main.genebass.org/api/analysis/continuous-20018-both_sexes--/gene-manhattan?burdenSet=missense%7CLC	https://main.genebass.org/api/analysis/continuous-20018-both_sexes--/gene-manhattan?burdenSet=missense%7CLC
genebass-continuous-20018-both_sexes---plof.json.gz	2026-10-04T13:11:46.749882+00:00	200	1001159	5ab8fe2dd4d26f3fd5af785286650fe617eba14a2377c7be6c204ad84851bc1e	c0b7366f6a70ca2cce68c6921d3dda6d7645d0e5db50d8fa9ce9b13e8a3b64bb	anonymous GET succeeded	https://main.genebass.org/api/analysis/continuous-20018-both_sexes--/gene-manhattan?burdenSet=pLoF	https://main.genebass.org/api/analysis/continuous-20018-both_sexes--/gene-manhattan?burdenSet=pLoF
genebass-continuous-20023-both_sexes--irnt-combined.json.gz	2026-10-04T13:11:48.647464+00:00	200	1063376	775e7395bf6b338d9cacd06cfdaea124d698ff634c4f998ce9400f4c8386879e	31f7aa5db214cecf99a2b9fe5c9778c994bb44dae4a4b63af8bd429bd4689aa7	anonymous GET succeeded	https://main.genebass.org/api/analysis/continuous-20023-both_sexes--irnt/gene-manhattan?burdenSet=pLoF%7Cmissense%7CLC	https://main.genebass.org/api/analysis/continuous-20023-both_sexes--irnt/gene-manhattan?burdenSet=pLoF%7Cmissense%7CLC
genebass-continuous-20023-both_sexes--irnt-missense.json.gz	2026-10-04T13:11:48.146002+00:00	200	1107700	c4c7d425c06cbc0a9111a530bd20fd239cb27192686a3e2ae2b509ea1570e044	6bd063e0d0e929021b81b2116181e020e6740a8a11d42ff1169a51394554dca9	anonymous GET succeeded	https://main.genebass.org/api/analysis/continuous-20023-both_sexes--irnt/gene-manhattan?burdenSet=missense%7CLC	https://main.genebass.org/api/analysis/continuous-20023-both_sexes--irnt/gene-manhattan?burdenSet=missense%7CLC
genebass-continuous-20023-both_sexes--irnt-plof.json.gz	2026-10-04T13:11:48.130169+00:00	200	1032470	67cd98c5a8fc6bf1e8f123805e8a17bc45ccfbc4f8da1bb250950511365ee223	16e09f1ae3f3e2b584b7c3120851fbe28138ae34611b2abcf75de69a3c703bdd	anonymous GET succeeded	https://main.genebass.org/api/analysis/continuous-20023-both_sexes--irnt/gene-manhattan?burdenSet=pLoF	https://main.genebass.org/api/analysis/continuous-20023-both_sexes--irnt/gene-manhattan?burdenSet=pLoF
genebass-continuous-20191-both_sexes--irnt-combined.json.gz	2026-10-04T13:11:49.292050+00:00	200	1066972	ccb7731ed02c4bfe8029bf3db291c742619c8c579cabf34107c230f934829b2d	0f9928b107600cf3dc99f59eb58066841767b12bf331eaf40c50d27fa00d496a	anonymous GET succeeded	https://main.genebass.org/api/analysis/continuous-20191-both_sexes--irnt/gene-manhattan?burdenSet=pLoF%7Cmissense%7CLC	https://main.genebass.org/api/analysis/continuous-20191-both_sexes--irnt/gene-manhattan?burdenSet=pLoF%7Cmissense%7CLC
genebass-continuous-20191-both_sexes--irnt-missense.json.gz	2026-10-04T13:11:49.212439+00:00	200	1111352	649fd9364e5994c0ca4b6ddccbdf12ae6d06bc86e2a860851640a719a5fbc34b	d24a0892fd1adcd666ebe18754ea43f099d114cab75457bf868069470aed5698	anonymous GET succeeded	https://main.genebass.org/api/analysis/continuous-20191-both_sexes--irnt/gene-manhattan?burdenSet=missense%7CLC	https://main.genebass.org/api/analysis/continuous-20191-both_sexes--irnt/gene-manhattan?burdenSet=missense%7CLC
genebass-continuous-20191-both_sexes--irnt-plof.json.gz	2026-10-04T13:11:48.685479+00:00	200	977926	3c84e6a38e2e2cab813588ad39e10d5c205a3ccc237a5152c8dddf2ebce48c2a	baa4a81097d330d2ceaedb053ba93ab24754676b3756633626be01d8729cee32	anonymous GET succeeded	https://main.genebass.org/api/analysis/continuous-20191-both_sexes--irnt/gene-manhattan?burdenSet=pLoF	https://main.genebass.org/api/analysis/continuous-20191-both_sexes--irnt/gene-manhattan?burdenSet=pLoF
genebass-gene-qc-combined.json.gz	2026-10-04T13:11:50.274522+00:00	200	1935451	1516903ca4be8daf9a70a4d19dfef343fad40394684137eff3362604590f25e7	d78ba06e2de548e49d489cce8591a0a5817a484c01f8d1e30e19f9999550fd21	anonymous GET succeeded	https://main.genebass.org/api/gene-qc/burden-set/pLoF%7Cmissense%7CLC	https://main.genebass.org/api/gene-qc/burden-set/pLoF%7Cmissense%7CLC
genebass-gene-qc-missense.json.gz	2026-10-04T13:11:49.791314+00:00	200	2036006	79575986f547a2acfff83bccdf9831bd08d6d94c062dbba0bb7ed1e52861bf01	dd1c015a6724e7bf9bdf84f2f1df96018aa5d722a60f1420b9a9b2d04d447328	anonymous GET succeeded	https://main.genebass.org/api/gene-qc/burden-set/missense%7CLC	https://main.genebass.org/api/gene-qc/burden-set/missense%7CLC
genebass-gene-qc-plof.json.gz	2026-10-04T13:11:49.751515+00:00	200	1605778	e5cec47a45a6581b34558ab7981764ee26b57623ca0c1264693528ec108ed1c8	2159099c1b49988663514c2297e7a6d9af8af600ec87c30ebbf6a34a7bcb5dd9	anonymous GET succeeded	https://main.genebass.org/api/gene-qc/burden-set/pLoF	https://main.genebass.org/api/gene-qc/burden-set/pLoF
genebass-paper.html	2026-10-04T13:11:45.018715+00:00	200	21311	86038ac2a9e7880eb4219ca5e52cce641c3ceb87c4a1480948ae0c1cea74ab45	NA	source changed since recorded snapshot	https://pmc.ncbi.nlm.nih.gov/articles/PMC9903662/	https://pmc.ncbi.nlm.nih.gov/articles/PMC9903662/
genebass-phenotype-qc.json.gz	2026-10-04T13:11:45.317044+00:00	200	20287	45f9b8b71ada29a636be078f5351116494100d9070a7b0170106ef474cf640d5	5e8689de19e6bfb1685122a418ae562b1dc88b81256fb4307ff1e7a249f1e24a	anonymous GET succeeded	https://main.genebass.org/api/phenotypes/qc	https://main.genebass.org/api/phenotypes/qc
genebass-phenotypes.json.gz	2026-10-04T13:11:45.174273+00:00	200	266844	3d7f448d28c604a2c08c4acbafb6ea5b7990a0de1ef85426cf3395276290ca8b	2068770e07db3061ec01c4d79aa6fd359bedc97756e5d370cf37f9404323af1e	anonymous GET succeeded	https://main.genebass.org/api/phenotypes	https://main.genebass.org/api/phenotypes
genebass-ui.js	2026-10-04T12:21:26.045242+00:00	200	10235138	0cd84d999fa414e9e9fec48d3f553613c9999166cfca1a1e96fc8165bd59ac8d	NA	anonymous GET succeeded	https://app.genebass.org/main-ed3ab9ea1857efb02221.js	https://app.genebass.org/main-ed3ab9ea1857efb02221.js
gnomad-v4.1.tsv	2026-10-04T12:05:58.190329+00:00	200	95546041	68d8abdb7fc48f570869b02dfaa74b9fecaece7fcc5f301ddca40ec1ce12da00	NA	anonymous GET succeeded	https://storage.googleapis.com/gcp-public-data--gnomad/release/4.1/constraint/gnomad.v4.1.constraint_metrics.tsv	https://storage.googleapis.com/gcp-public-data--gnomad/release/4.1/constraint/gnomad.v4.1.constraint_metrics.tsv
gtex-access.json	2026-10-04T12:21:25.675223+00:00	200	2067	94281c1cd6e960edb84745c9774b084933f3b61d8f4f591385e10620b064012d	NA	Anonymous bucket metadata only; eQTL analysis deferred	https://storage.googleapis.com/storage/v1/b/adult-gtex/o?delimiter=/&prefix=bulk-qtl/	https://storage.googleapis.com/storage/v1/b/adult-gtex/o?delimiter=/&prefix=bulk-qtl/
hgnc.tsv	2026-10-04T12:06:26.982701+00:00	200	16963116	2b4224ea847df2fc6982f5b2a52804c5d92fbb8810b134afb636f6029452dc03	NA	anonymous GET succeeded	https://storage.googleapis.com/public-download-files/hgnc/tsv/tsv/hgnc_complete_set.txt	https://storage.googleapis.com/public-download-files/hgnc/tsv/tsv/hgnc_complete_set.txt
ld-reference-access.html	2026-10-04T13:11:46.102708+00:00	200	123686	83767a02f75230a465d8bf9b91c5d04bf9147860e25f01ea69a9fc6ae9e48c08	NA	MAGMA/1000 Genomes reference download page only; no new LD analysis in this join	https://cncr.nl/research/magma/	https://cncr.nl/research/magma/
lee-methods.pdf	2026-10-04T12:20:11.228742+00:00	200	6648378	338e26396c0558d863f0d137b21d73e6856119a777d61235a055f1abd633cd99	NA	anonymous GET succeeded	https://media.springernature.com/original/springer-static/esm/art%3A10.1038%2Fs41588-018-0147-3/MediaObjects/41588_2018_147_MOESM1_ESM.pdf	https://media.springernature.com/original/springer-static/esm/art%3A10.1038%2Fs41588-018-0147-3/MediaObjects/41588_2018_147_MOESM1_ESM.pdf
lee-paper.html	2026-10-04T13:11:44.730015+00:00	200	634446	a79eceb994e610ea011646d9c30c65d7f21bb20dbdce7c34e83835745c82a909	NA	source changed since recorded snapshot	https://www.nature.com/articles/s41588-018-0147-3	https://www.nature.com/articles/s41588-018-0147-3
lee-supplement.xlsx	2026-10-04T12:10:51.817135+00:00	200	3453892	12a1754e46fc608cb9bf6186877b56ca51c566cd3c6f0fd9f98738ae731f78b9	NA	anonymous GET succeeded	https://media.springernature.com/original/springer-static/esm/art%3A10.1038%2Fs41588-018-0147-3/MediaObjects/41588_2018_147_MOESM3_ESM.xlsx	https://media.springernature.com/original/springer-static/esm/art%3A10.1038%2Fs41588-018-0147-3/MediaObjects/41588_2018_147_MOESM3_ESM.xlsx
lee2018.txt	2026-10-04T12:05:55.907381+00:00	200	601075032	78ce80b2290177fb4a125b7d07d9d15e532f7b76c1bfc46a014d5e8746bf94f7	NA	anonymous GET succeeded	https://ftp.ebi.ac.uk/pub/databases/gwas/summary_statistics/GCST006001-GCST007000/GCST006572/GWAS_CP_all.txt	https://ftp.ebi.ac.uk/pub/databases/gwas/summary_statistics/GCST006001-GCST007000/GCST006572/GWAS_CP_all.txt
metabrain-access.html	2026-10-04T12:21:25.493565+00:00	200	7366	0742680a23e17280995ab116345c71c954bc7174056b6b0376039f8aa5c80f1f	NA	HTTP 200 homepage/access form; registration needed; eQTLs deferred	https://www.metabrain.nl/	https://www.metabrain.nl/
pharos-readme.html	2026-10-04T12:06:05.993335+00:00	200	22906	40c03514cc43e8709cf513b1ba1f26308644287fc31ab15c1ee087b44f586039	NA	anonymous GET succeeded	https://opendata.ncats.nih.gov/public/pharos/pharos400_readme.html	https://opendata.ncats.nih.gov/public/pharos/pharos400_readme.html
pharos400.csv	2026-10-04T12:06:05.216711+00:00	200	44614999	ee8fdc79893235a451ab7a8a4b6099da390ae9ccd341179297d8f8730f801459	NA	anonymous GET succeeded	https://opendata.ncats.nih.gov/public/pharos/pharos400_tdls_canonicals.csv	https://opendata.ncats.nih.gov/public/pharos/pharos400_tdls_canonicals.csv
savage-checksum.txt	2026-10-04T12:05:55.908056+00:00	200	82	d764c7848232b2a8700471d76ab7ee90ed3c1dffdd3793b521e2d16360d82bbf	NA	anonymous GET succeeded	https://vu.data.surf.nl/index.php/s/9tgwxmO5yosQkmb/download?path=%2F&files=CHECKSUM_SavageJansen_2018_intelligence_metaanalysis.txt	https://vu.data.surf.nl/public.php/dav/files/9tgwxmO5yosQkmb/CHECKSUM_SavageJansen_2018_intelligence_metaanalysis.txt
savage-paper.html	2026-10-04T13:11:44.762309+00:00	200	726613	23cd8256b3e577189c8c8bc97bc5a650ddad5588b9b4ffe0c51877963fe85d5f	NA	source changed since recorded snapshot	https://www.nature.com/articles/s41588-018-0152-6	https://www.nature.com/articles/s41588-018-0152-6
savage-readme.txt	2026-10-04T12:05:55.907778+00:00	200	1437	ce96512347255f49e02383827b373610d48eeded081e5dac35e4e5d03eda6ca0	NA	anonymous GET succeeded	https://vu.data.surf.nl/index.php/s/9tgwxmO5yosQkmb/download?path=%2F&files=README_SavageJansen_2018_intelligence_metaanalysis.txt	https://vu.data.surf.nl/public.php/dav/files/9tgwxmO5yosQkmb/README_SavageJansen_2018_intelligence_metaanalysis.txt
savage-supplement.xlsx	2026-10-04T12:05:56.603335+00:00	200	7366575	12f9bf41e18de21e3935ac0604a9389a194b892e0e19443c2112cc2326538e86	NA	anonymous GET succeeded	https://media.springernature.com/original/springer-static/esm/art%3A10.1038%2Fs41588-018-0152-6/MediaObjects/41588_2018_152_MOESM3_ESM.xlsx	https://media.springernature.com/original/springer-static/esm/art%3A10.1038%2Fs41588-018-0152-6/MediaObjects/41588_2018_152_MOESM3_ESM.xlsx
savage2018.txt	2026-10-04T12:05:55.907683+00:00	200	1254191070	9d8701f222519b27f9aea5efa979ed84fe5d33d0e3d7b504a79351eaddb3d456	NA	anonymous GET succeeded	https://vu.data.surf.nl/index.php/s/9tgwxmO5yosQkmb/download?path=%2F&files=SavageJansen_2018_intelligence_metaanalysis.txt	https://vu.data.surf.nl/public.php/dav/files/9tgwxmO5yosQkmb/SavageJansen_2018_intelligence_metaanalysis.txt
schema-access.html	2026-10-04T12:06:30.143915+00:00	200	1011	3e233e2710f2951fd24bb5de24280d50407fcf24380e5d43403b633951a2b403	NA	HTTP 200 JavaScript shell; download not established; schizophrenia is not cognition, skipped	https://schema.broadinstitute.org/	https://schema.broadinstitute.org/
ssgac-access.html	2026-10-04T13:11:45.979146+00:00	200	3481	30492c815ed07f39a7eeae2f76815c8921f08bda2c8ebcb6df6b73041b9cbe54	NA	HTTP 200 login/registration page; EA4 file list inaccessible anonymously; skipped	https://thessgac.com/	https://thessgac.com/
unknome-18_Mar_2026.tsv.gz	2026-10-04T12:05:58.322716+00:00	200	59959093	af0ef544b36278f4ec9084f540734ae8313e61401a42b521d407e1d25eee768c	NA	anonymous GET succeeded	https://unknome.mrc-lmb.cam.ac.uk/download/prot_tsv_gz/18_Mar_2026/	https://unknome.mrc-lmb.cam.ac.uk/download/prot_tsv_gz/18_Mar_2026/
unknome-access.html	2026-10-04T12:06:29.436640+00:00	200	9327	43a82d64a840e5b19aeefd8c8289cf8ed469548c40f94979ded4be81526ccd83	NA	anonymous GET succeeded	https://unknome.mrc-lmb.cam.ac.uk/download/	https://unknome.mrc-lmb.cam.ac.uk/download/
