source	id	symbol	reason
HGNC ensembl_gene_id	ENSG00000230417	LINC00595;LINC00856	Ambiguous approved-gene identifier; not assigned
HGNC ensembl_gene_id	ENSG00000250413	SLC2A9-AS1;SLC2A9-AS3	Ambiguous approved-gene identifier; not assigned
HGNC ensembl_gene_id	ENSG00000175658	DRD5P2;DRD5P3	Ambiguous approved-gene identifier; not assigned
HGNC entrez_id	100874204	ALDH1L1-AS1;SLC41A3-AS1	Ambiguous approved-gene identifier; not assigned
HGNC entrez_id	125775236	HILPDA-AS1;EFCAB3P1	Ambiguous approved-gene identifier; not assigned
Savage S15	284083	C17orf47	No current HGNC Entrez-to-Ensembl match
Evidence universe	ENSG00000005955	NA	No unique current HGNC Ensembl mapping; Entrez annotations unavailable
Evidence universe	ENSG00000100101	NA	No unique current HGNC Ensembl mapping; Entrez annotations unavailable
Evidence universe	ENSG00000108272	NA	No unique current HGNC Ensembl mapping; Entrez annotations unavailable
Evidence universe	ENSG00000108278	NA	No unique current HGNC Ensembl mapping; Entrez annotations unavailable
Evidence universe	ENSG00000129282	NA	No unique current HGNC Ensembl mapping; Entrez annotations unavailable
Evidence universe	ENSG00000141140	NA	No unique current HGNC Ensembl mapping; Entrez annotations unavailable
Evidence universe	ENSG00000181013	NA	No unique current HGNC Ensembl mapping; Entrez annotations unavailable
Evidence universe	ENSG00000182572	NA	No unique current HGNC Ensembl mapping; Entrez annotations unavailable
Evidence universe	ENSG00000182611	NA	No unique current HGNC Ensembl mapping; Entrez annotations unavailable
Evidence universe	ENSG00000184779	NA	No unique current HGNC Ensembl mapping; Entrez annotations unavailable
Evidence universe	ENSG00000184825	NA	No unique current HGNC Ensembl mapping; Entrez annotations unavailable
Evidence universe	ENSG00000184886	NA	No unique current HGNC Ensembl mapping; Entrez annotations unavailable
Evidence universe	ENSG00000187008	NA	No unique current HGNC Ensembl mapping; Entrez annotations unavailable
Evidence universe	ENSG00000196176	NA	No unique current HGNC Ensembl mapping; Entrez annotations unavailable
Evidence universe	ENSG00000196532	NA	No unique current HGNC Ensembl mapping; Entrez annotations unavailable
Evidence universe	ENSG00000196963	NA	No unique current HGNC Ensembl mapping; Entrez annotations unavailable
Evidence universe	ENSG00000197262	NA	No unique current HGNC Ensembl mapping; Entrez annotations unavailable
Evidence universe	ENSG00000197846	NA	No unique current HGNC Ensembl mapping; Entrez annotations unavailable
Evidence universe	ENSG00000197914	NA	No unique current HGNC Ensembl mapping; Entrez annotations unavailable
Evidence universe	ENSG00000198339	NA	No unique current HGNC Ensembl mapping; Entrez annotations unavailable
Evidence universe	ENSG00000198374	NA	No unique current HGNC Ensembl mapping; Entrez annotations unavailable
Evidence universe	ENSG00000198558	NA	No unique current HGNC Ensembl mapping; Entrez annotations unavailable
Evidence universe	ENSG00000202077	NA	No unique current HGNC Ensembl mapping; Entrez annotations unavailable
Evidence universe	ENSG00000204650	NA	No unique current HGNC Ensembl mapping; Entrez annotations unavailable
Evidence universe	ENSG00000205021	NA	No unique current HGNC Ensembl mapping; Entrez annotations unavailable
Evidence universe	ENSG00000205281	NA	No unique current HGNC Ensembl mapping; Entrez annotations unavailable
Evidence universe	ENSG00000212195	NA	No unique current HGNC Ensembl mapping; Entrez annotations unavailable
Evidence universe	ENSG00000214215	NA	No unique current HGNC Ensembl mapping; Entrez annotations unavailable
Evidence universe	ENSG00000215979	NA	No unique current HGNC Ensembl mapping; Entrez annotations unavailable
Evidence universe	ENSG00000218346	NA	No unique current HGNC Ensembl mapping; Entrez annotations unavailable
Evidence universe	ENSG00000223599	NA	No unique current HGNC Ensembl mapping; Entrez annotations unavailable
Evidence universe	ENSG00000223929	NA	No unique current HGNC Ensembl mapping; Entrez annotations unavailable
Evidence universe	ENSG00000224302	NA	No unique current HGNC Ensembl mapping; Entrez annotations unavailable
Evidence universe	ENSG00000224738	NA	No unique current HGNC Ensembl mapping; Entrez annotations unavailable
Evidence universe	ENSG00000224883	NA	No unique current HGNC Ensembl mapping; Entrez annotations unavailable
Evidence universe	ENSG00000224967	NA	No unique current HGNC Ensembl mapping; Entrez annotations unavailable
Evidence universe	ENSG00000225170	NA	No unique current HGNC Ensembl mapping; Entrez annotations unavailable
Evidence universe	ENSG00000225421	NA	No unique current HGNC Ensembl mapping; Entrez annotations unavailable
Evidence universe	ENSG00000225718	NA	No unique current HGNC Ensembl mapping; Entrez annotations unavailable
Evidence universe	ENSG00000225864	NA	No unique current HGNC Ensembl mapping; Entrez annotations unavailable
Evidence universe	ENSG00000226468	NA	No unique current HGNC Ensembl mapping; Entrez annotations unavailable
Evidence universe	ENSG00000227370	NA	No unique current HGNC Ensembl mapping; Entrez annotations unavailable
Evidence universe	ENSG00000228008	NA	No unique current HGNC Ensembl mapping; Entrez annotations unavailable
Evidence universe	ENSG00000228141	NA	No unique current HGNC Ensembl mapping; Entrez annotations unavailable
Evidence universe	ENSG00000228655	NA	No unique current HGNC Ensembl mapping; Entrez annotations unavailable
Evidence universe	ENSG00000228944	NA	No unique current HGNC Ensembl mapping; Entrez annotations unavailable
Evidence universe	ENSG00000229195	NA	No unique current HGNC Ensembl mapping; Entrez annotations unavailable
Evidence universe	ENSG00000230698	NA	No unique current HGNC Ensembl mapping; Entrez annotations unavailable
Evidence universe	ENSG00000230940	NA	No unique current HGNC Ensembl mapping; Entrez annotations unavailable
Evidence universe	ENSG00000231515	NA	No unique current HGNC Ensembl mapping; Entrez annotations unavailable
Evidence universe	ENSG00000231827	NA	No unique current HGNC Ensembl mapping; Entrez annotations unavailable
Evidence universe	ENSG00000232411	NA	No unique current HGNC Ensembl mapping; Entrez annotations unavailable
Evidence universe	ENSG00000232505	NA	No unique current HGNC Ensembl mapping; Entrez annotations unavailable
Evidence universe	ENSG00000232710	NA	No unique current HGNC Ensembl mapping; Entrez annotations unavailable
Evidence universe	ENSG00000233635	NA	No unique current HGNC Ensembl mapping; Entrez annotations unavailable
Evidence universe	ENSG00000233656	NA	No unique current HGNC Ensembl mapping; Entrez annotations unavailable
Evidence universe	ENSG00000233953	NA	No unique current HGNC Ensembl mapping; Entrez annotations unavailable
Evidence universe	ENSG00000234055	NA	No unique current HGNC Ensembl mapping; Entrez annotations unavailable
Evidence universe	ENSG00000235066	NA	No unique current HGNC Ensembl mapping; Entrez annotations unavailable
Evidence universe	ENSG00000235192	NA	No unique current HGNC Ensembl mapping; Entrez annotations unavailable
Evidence universe	ENSG00000235215	NA	No unique current HGNC Ensembl mapping; Entrez annotations unavailable
Evidence universe	ENSG00000236234	NA	No unique current HGNC Ensembl mapping; Entrez annotations unavailable
Evidence universe	ENSG00000236255	NA	No unique current HGNC Ensembl mapping; Entrez annotations unavailable
Evidence universe	ENSG00000236920	NA	No unique current HGNC Ensembl mapping; Entrez annotations unavailable
Evidence universe	ENSG00000237352	NA	No unique current HGNC Ensembl mapping; Entrez annotations unavailable
Evidence universe	ENSG00000238207	NA	No unique current HGNC Ensembl mapping; Entrez annotations unavailable
Evidence universe	ENSG00000240634	NA	No unique current HGNC Ensembl mapping; Entrez annotations unavailable
Evidence universe	ENSG00000241462	NA	No unique current HGNC Ensembl mapping; Entrez annotations unavailable
Evidence universe	ENSG00000242753	NA	No unique current HGNC Ensembl mapping; Entrez annotations unavailable
Evidence universe	ENSG00000243696	NA	No unique current HGNC Ensembl mapping; Entrez annotations unavailable
Evidence universe	ENSG00000244255	NA	No unique current HGNC Ensembl mapping; Entrez annotations unavailable
Evidence universe	ENSG00000246465	NA	No unique current HGNC Ensembl mapping; Entrez annotations unavailable
Evidence universe	ENSG00000248203	NA	No unique current HGNC Ensembl mapping; Entrez annotations unavailable
Evidence universe	ENSG00000248851	NA	No unique current HGNC Ensembl mapping; Entrez annotations unavailable
Evidence universe	ENSG00000249184	NA	No unique current HGNC Ensembl mapping; Entrez annotations unavailable
Evidence universe	ENSG00000250069	NA	No unique current HGNC Ensembl mapping; Entrez annotations unavailable
Evidence universe	ENSG00000251259	NA	No unique current HGNC Ensembl mapping; Entrez annotations unavailable
Evidence universe	ENSG00000251417	NA	No unique current HGNC Ensembl mapping; Entrez annotations unavailable
Evidence universe	ENSG00000251461	NA	No unique current HGNC Ensembl mapping; Entrez annotations unavailable
Evidence universe	ENSG00000251603	NA	No unique current HGNC Ensembl mapping; Entrez annotations unavailable
Evidence universe	ENSG00000254363	NA	No unique current HGNC Ensembl mapping; Entrez annotations unavailable
Evidence universe	ENSG00000255182	NA	No unique current HGNC Ensembl mapping; Entrez annotations unavailable
Evidence universe	ENSG00000256028	NA	No unique current HGNC Ensembl mapping; Entrez annotations unavailable
Evidence universe	ENSG00000256500	NA	No unique current HGNC Ensembl mapping; Entrez annotations unavailable
Evidence universe	ENSG00000256515	NA	No unique current HGNC Ensembl mapping; Entrez annotations unavailable
Evidence universe	ENSG00000256824	NA	No unique current HGNC Ensembl mapping; Entrez annotations unavailable
Evidence universe	ENSG00000256885	NA	No unique current HGNC Ensembl mapping; Entrez annotations unavailable
Evidence universe	ENSG00000257120	NA	No unique current HGNC Ensembl mapping; Entrez annotations unavailable
Evidence universe	ENSG00000257640	NA	No unique current HGNC Ensembl mapping; Entrez annotations unavailable
Evidence universe	ENSG00000258232	NA	No unique current HGNC Ensembl mapping; Entrez annotations unavailable
Evidence universe	ENSG00000258283	NA	No unique current HGNC Ensembl mapping; Entrez annotations unavailable
Evidence universe	ENSG00000258520	NA	No unique current HGNC Ensembl mapping; Entrez annotations unavailable
Evidence universe	ENSG00000258674	NA	No unique current HGNC Ensembl mapping; Entrez annotations unavailable
Evidence universe	ENSG00000259097	NA	No unique current HGNC Ensembl mapping; Entrez annotations unavailable
Evidence universe	ENSG00000259243	NA	No unique current HGNC Ensembl mapping; Entrez annotations unavailable
Evidence universe	ENSG00000259678	NA	No unique current HGNC Ensembl mapping; Entrez annotations unavailable
Evidence universe	ENSG00000259712	NA	No unique current HGNC Ensembl mapping; Entrez annotations unavailable
Evidence universe	ENSG00000259758	NA	No unique current HGNC Ensembl mapping; Entrez annotations unavailable
Evidence universe	ENSG00000259926	NA	No unique current HGNC Ensembl mapping; Entrez annotations unavailable
Evidence universe	ENSG00000260367	NA	No unique current HGNC Ensembl mapping; Entrez annotations unavailable
Evidence universe	ENSG00000260411	NA	No unique current HGNC Ensembl mapping; Entrez annotations unavailable
Evidence universe	ENSG00000260570	NA	No unique current HGNC Ensembl mapping; Entrez annotations unavailable
Evidence universe	ENSG00000260796	NA	No unique current HGNC Ensembl mapping; Entrez annotations unavailable
Evidence universe	ENSG00000260836	NA	No unique current HGNC Ensembl mapping; Entrez annotations unavailable
Evidence universe	ENSG00000261067	NA	No unique current HGNC Ensembl mapping; Entrez annotations unavailable
Evidence universe	ENSG00000261086	NA	No unique current HGNC Ensembl mapping; Entrez annotations unavailable
Evidence universe	ENSG00000261139	NA	No unique current HGNC Ensembl mapping; Entrez annotations unavailable
Evidence universe	ENSG00000261198	NA	No unique current HGNC Ensembl mapping; Entrez annotations unavailable
Evidence universe	ENSG00000261353	NA	No unique current HGNC Ensembl mapping; Entrez annotations unavailable
Evidence universe	ENSG00000261552	NA	No unique current HGNC Ensembl mapping; Entrez annotations unavailable
Evidence universe	ENSG00000261669	NA	No unique current HGNC Ensembl mapping; Entrez annotations unavailable
Evidence universe	ENSG00000261766	NA	No unique current HGNC Ensembl mapping; Entrez annotations unavailable
Evidence universe	ENSG00000261804	NA	No unique current HGNC Ensembl mapping; Entrez annotations unavailable
Evidence universe	ENSG00000261810	NA	No unique current HGNC Ensembl mapping; Entrez annotations unavailable
Evidence universe	ENSG00000261832	NA	No unique current HGNC Ensembl mapping; Entrez annotations unavailable
Evidence universe	ENSG00000261839	NA	No unique current HGNC Ensembl mapping; Entrez annotations unavailable
Evidence universe	ENSG00000262140	NA	No unique current HGNC Ensembl mapping; Entrez annotations unavailable
Evidence universe	ENSG00000262714	NA	No unique current HGNC Ensembl mapping; Entrez annotations unavailable
Evidence universe	ENSG00000262801	NA	No unique current HGNC Ensembl mapping; Entrez annotations unavailable
Evidence universe	ENSG00000263437	NA	No unique current HGNC Ensembl mapping; Entrez annotations unavailable
Evidence universe	ENSG00000264078	NA	No unique current HGNC Ensembl mapping; Entrez annotations unavailable
Evidence universe	ENSG00000264263	NA	No unique current HGNC Ensembl mapping; Entrez annotations unavailable
Evidence universe	ENSG00000265964	NA	No unique current HGNC Ensembl mapping; Entrez annotations unavailable
Evidence universe	ENSG00000266411	NA	No unique current HGNC Ensembl mapping; Entrez annotations unavailable
Evidence universe	ENSG00000267636	NA	No unique current HGNC Ensembl mapping; Entrez annotations unavailable
Evidence universe	ENSG00000268050	NA	No unique current HGNC Ensembl mapping; Entrez annotations unavailable
Evidence universe	ENSG00000268173	NA	No unique current HGNC Ensembl mapping; Entrez annotations unavailable
Evidence universe	ENSG00000268707	NA	No unique current HGNC Ensembl mapping; Entrez annotations unavailable
Evidence universe	ENSG00000268870	NA	No unique current HGNC Ensembl mapping; Entrez annotations unavailable
Evidence universe	ENSG00000270083	NA	No unique current HGNC Ensembl mapping; Entrez annotations unavailable
Evidence universe	ENSG00000270265	NA	No unique current HGNC Ensembl mapping; Entrez annotations unavailable
Evidence universe	ENSG00000270604	NA	No unique current HGNC Ensembl mapping; Entrez annotations unavailable
Evidence universe	ENSG00000271071	NA	No unique current HGNC Ensembl mapping; Entrez annotations unavailable
Evidence universe	ENSG00000271252	NA	No unique current HGNC Ensembl mapping; Entrez annotations unavailable
Evidence universe	ENSG00000271659	NA	No unique current HGNC Ensembl mapping; Entrez annotations unavailable
Evidence universe	ENSG00000272305	NA	No unique current HGNC Ensembl mapping; Entrez annotations unavailable
Evidence universe	ENSG00000272558	NA	No unique current HGNC Ensembl mapping; Entrez annotations unavailable
Evidence universe	ENSG00000272897	NA	No unique current HGNC Ensembl mapping; Entrez annotations unavailable
