ensembl_gene_id	symbol	entrez_id	unknome_knownness	unknome_rank_least_known_first	unknome_rank_universe_n	unknome_clusters	pharos_tdl	pharos_uniprot	human_pubmed_count	pubmed_rank_least_published_first	pubmed_rank_universe_n	gnomad_canonical_transcripts	gnomad_lof_oe_ci_upper	gnomad_constraint_flags	source_symbol	analysis_id	rare_mask	rare_skato_p	rare_burden_p	rare_burden_beta	expected_ac	coverage_pass	n_variants_pass	synonymous_lambda_skato	synonymous_lambda_burden	browser_gene_skato_pass	browser_gene_burden_pass	rare_skato_qc_pass	rare_burden_qc_pass	rare_significant_qc_pass
ENSG00000101745	ANKRD12	23253	0.0	1	19271	UKP09986	Tbio	Q6UB98	38	29747	41822	ENST00000262126	5.8300e-01	[]	ANKRD12	continuous-20016-both_sexes--irnt	pLoF	1.1529849419802e-13	5.27962488705363e-14	-0.0285407136835369	45.69184683063011	True	True	0.9754900666039275	1.10671175118624	True	True	False	False	False
ENSG00000153317	ASAP1	50807	3.6	9147	19271	UKP08066	Tbio	Q9ULH1	149	37399	41822	ENST00000518721	4.3900e-01	[]	ASAP1	continuous-20018-both_sexes--	pLoF	8.14399306269644e-10	0.0199532273005796	-0.0107650105575932	6.313063049879923	True	True	0.9266161867954971	0.9351836303415184	True	True	False	False	False
ENSG00000156983	BRPF1	7862	8.3	14683	19271	UKP02043	Tchem	P55201	66	33055	41822	ENST00000383829	2.0500e-01	[]	BRPF1	continuous-20018-both_sexes--	pLoF	1.45123152839322e-06	5.4742152832965e-07	-0.058310041145849	1.9907853009085024	True	True	0.8801729017323215	0.9023390413039936	True	True	False	False	False
ENSG00000117139	KDM5B	10765	12.8	16920	19271	UKP00076	Tchem	Q9UGL1	253	39331	41822	ENST00000367265	8.5800e-01	[]	KDM5B	continuous-20023-both_sexes--irnt	pLoF	1.68989702861086e-13	1.33132798584589e-12	0.0170583566811141	116.32068725242377	True	True	0.8973678222048244	0.9095114434912772	True	True	True	True	True
ENSG00000049192	ADAMTS6	11174	2.4	6954	19271	UKP06555	Tbio	Q9UKP5	42	30309	41822	ENST00000381055	2.2800e-01	[]	ADAMTS6	continuous-20016-both_sexes--irnt	missense|LC	8.96253253723778e-07	2.45371510221304e-07	-0.00358739824819706	2300.410609399417	True	True	0.8513072653881277	1.0609951103813537	True	True	True	True	True
ENSG00000160877	NACC1	112939	4.6	10655	19271	UKP06957	Tbio	Q96RE7	124	36608	41822	ENST00000292431	3.2900e-01	[]	NACC1	continuous-20018-both_sexes--	missense|LC	1.70387459696997e-09	3.40330419675213e-08	-0.00356187778753728	684.7578992474695	True	True	0.8191170565676726	0.9118272044852814	True	True	True	True	True
ENSG00000258674	NA	NA	NA	NA	19271	NA	NA	NA	NA	NA	41822	ENST00000555938	1.3970e+00	[]	AC011448.1	continuous-20023-both_sexes--irnt	missense|LC	1.34577263333213e-07	2.44500208257392e-06	-0.00215416714061549	4967.132432336562	True	True	0.8644271749467762	1.1859301820161219	True	True	True	True	True
ENSG00000049192	ADAMTS6	11174	2.4	6954	19271	UKP06555	Tbio	Q9UKP5	42	30309	41822	ENST00000381055	2.2800e-01	[]	ADAMTS6	continuous-20016-both_sexes--irnt	pLoF|missense|LC	8.56286176631471e-07	2.30712839277558e-07	-0.00359165689551252	1443.3037823736704	True	True	0.9234177144305828	1.0168427970997918	True	True	True	True	True
ENSG00000160877	NACC1	112939	4.6	10655	19271	UKP06957	Tbio	Q96RE7	124	36608	41822	ENST00000292431	3.2900e-01	[]	NACC1	continuous-20018-both_sexes--	pLoF|missense|LC	1.69956493323298e-09	3.4158225137304e-09	-0.00358038805572459	511.96486902617653	True	True	0.8290703731249478	0.9165395138731061	True	True	True	True	True
ENSG00000258674	NA	NA	NA	NA	19271	NA	NA	NA	NA	NA	41822	ENST00000555938	1.3970e+00	[]	AC011448.1	continuous-20023-both_sexes--irnt	pLoF|missense|LC	1.35036464898874e-07	3.66496844927955e-06	-0.00209928447849053	4841.971654105	True	True	0.8872542326018721	1.104952437053175	True	True	True	True	True
